ew,Type,Nation1,Nation2,Nation3 ,Nation4,Nation5,Nation6,Nation7,Nation8,Nation9,Nation10,Nation11,Nation12,,Band1,Band2,Band3,Band4,,,,Place,State,Date,DemallieDeloria,URL,Comments
V0001,Operable,Six Nations,,,,,,,,,,,,,,,,,,,,Fort Stanwix,NY,10-22-1784,183,http://digital.library.okstate.edu/kappler/Vol2/treaties/nat0005.htm,
V0002,Operable,Wyandot,Delaware,Chippewa,Ottawa,,,,,,,,,,,,,,,,,Fort McIntosh,PA,01-21-1785,183,http://digital.library.okstate.edu/kappler/Vol2/treaties/wya0006.htm,
V0003,Operable,Cherokee,,,,,,,,,,,,,,,,,,,,Hopewell,SC,11-28-1785,183,http://digital.library.okstate.edu/kappler/Vol2/treaties/che0008.htm,
V0004,Operable,Choctaw,,,,,,,,,,,,,,,,,,,,Hopewell,SC,01-03-1786,183,http://digital.library.okstate.edu/kappler/Vol2/treaties/cho0011.htm,
V0005,Operable,Chickasaw,,,,,,,,,,,,,,,,,,,,Hopewell,SC,01-10-1786,183,http://digital.library.okstate.edu/kappler/Vol2/treaties/chi0014.htm,
V0006,Operable,Shawnee,,,,,,,,,,,,,,,,,,,,Mouth of Great Miami River,OH,01-31-1786,183,http://digital.library.okstate.edu/kappler/Vol2/treaties/sha0016.htm,
V0007,Operable,Wyandot,Delaware,Ottawa,Chippewa,Potawatomi,Six Nations,,,,,,,,,,,,,,,Fort Harmar,OH,01-09-1789,183,http://digital.library.okstate.edu/kappler/Vol2/treaties/wya0018.htm,
V0008,Operable,Six Nations,,,,,,,,,,,,,,,,,,,,Fort Harmar,OH,01-09-1789,183,http://digital.library.okstate.edu/kappler/Vol2/treaties/six0023.htm,
V0009,Operable,Creek,,,,,,,,,,,,,,,,,,,,New York City,NY,08-07-1790,183,http://digital.library.okstate.edu/kappler/Vol2/treaties/cre0025.htm,
V0010,Operable,Cherokee,,,,,,,,,,,,,,,,,,,,Holston River,TN,07-02-1791,183,http://digital.library.okstate.edu/kappler/Vol2/treaties/che0029.htm,
V0011,Operable,Cherokee,,,,,,,,,,,,,,,,,,,,Philadelphia,PA,02-17-1792,183,http://digital.library.okstate.edu/kappler/Vol2/treaties/che0029.htm,
V0012,Operable,Cherokee,,,,,,,,,,,,,,,,,,,,Philadelphia,PA,06-26-1794,183,http://digital.library.okstate.edu/kappler/Vol2/treaties/che0033.htm,
V0013,Operable,Six Nations,,,,,,,,,,,,,,,,,,,,Canandaigua,NY,11-11-1794,184,http://digital.library.okstate.edu/kappler/Vol2/treaties/six0034.htm,
V0014,Operable,Oneida,Tuscarora,Stockbridge,,,,,,,,,,,,,,,,,,Oneida,NY,12-02-1794,184,http://digital.library.okstate.edu/kappler/Vol2/treaties/one0037.htm,
V0015,Operable,Wyandot,Delaware,Shawnee,Ottawa,Chippewa,Potawatomi,Miami,Eel River,Wea,Kickapoo,Piankeshaw,Kaskaskia,,,,,,,,,Greenville,MI,08-03-1795,184,http://digital.library.okstate.edu/kappler/Vol2/treaties/wya0039.htm,
V0016,Operable,Seven Nations of Canada,,,,,,,,,,,,,,,,,,,,New York City,NY,05-31-1796,184,http://digital.library.okstate.edu/kappler/Vol2/treaties/sev0045.htm,
V0017,Operable,Creek,,,,,,,,,,,,,,,,,,,,Coleraine,GA,06-29-1796,184,http://digital.library.okstate.edu/kappler/Vol2/treaties/cre0046.htm,
V0018,Operable,Mohawk,,,,,,,,,,,,,,,,,,,,Albany,NY,03-29-1797,184,http://digital.library.okstate.edu/kappler/Vol2/treaties/moh0050.htm,
V0019,Operable,Seneca,,,,,,,,,,,,,,,,,,,,Genese,NY,09-15-1797,184,http://digital.library.okstate.edu/kappler/Vol2/treaties/sen1027.htm,
V0020,Operable,Oneida,,,,,,,,,,,,,,,,,,,,Oneida,NY,06-01-1798,184,http://libr.unl.edu:8888/etext/treaties/treaty.00028.html,
V0021,Operable,Cherokee,,,,,,,,,,,,,,,,,,,,Tellico,TN,10-02-1798,184,http://digital.library.okstate.edu/kappler/Vol2/treaties/che0051.htm,
V0022,Operable,Chickasaw,,,,,,,,,,,,,,,,,,,,Chickasaw Bluffs,TN,10-24-1801,184,http://digital.library.okstate.edu/kappler/Vol2/treaties/chi0055.htm,
V0023,Operable,Choctaw,,,,,,,,,,,,,,,,,,,,Fort Adams,MS,12-17-1801,184,http://digital.library.okstate.edu/kappler/Vol2/treaties/cho0056.htm,
V0025,Operable,Creek,,,,,,,,,,,,,,,,,,,,Fort Wilkinson,GA,06-16-1802,184,http://digital.library.okstate.edu/kappler/Vol2/treaties/cre0058.htm,
V0026,Operable,Seneca,,,,,,,,,,,,,,,,,,,,Buffalo Creek,NY,06-30-1802,184,http://digital.library.okstate.edu/kappler/Vol2/treaties/sen0060.htm,
V0027,Operable,Seneca,,,,,,,,,,,,,,,,,,,,Buffalo Creek,NY,06-30-1802,184,http://digital.library.okstate.edu/kappler/Vol2/treaties/sen0062.htm,
V0029,Operable,Choctaw,,,,,,,,,,,,,,,,,,,,Fort Confederation,MS,10-17-1802,184,http://digital.library.okstate.edu/kappler/Vol2/treaties/cho0063.htm,
V0030,Operable,Delaware,Shawnee,Miami,Wea,Potawatomi,Eel River,Kickapoo,Piankeshaw,Kaskaskia,,,,,,,,,,,,Fort Wayne,IN,06-07-1803,184,http://digital.library.okstate.edu/kappler/Vol2/treaties/del0064.htm,
V0031,Operable,Eel River,Wyandot,Piankeshaw,Kaskaskia,Kickapoo,,,,,,,,,,,,,,,,Vincennes,IN,08-07-1803,184,http://digital.library.okstate.edu/kappler/Vol2/treaties/eel0066.htm,
V0032,Operable,Kaskaskia,,,,,,,,,,,,,,,,,,,,Vincennes,IN,08-13-1803,185,http://digital.library.okstate.edu/kappler/Vol2/treaties/kas0067.htm,
V0033,Operable,Choctaw,,,,,,,,,,,,,,,,,,,,Hoe-Buckin-Too-Pa,MS,08-31-1803,185,http://digital.library.okstate.edu/kappler/Vol2/treaties/cho0069.htm,
V0034,Operable,Delaware,,,,,,,,,,,,,,,,,,,,Vincennes,IN,08-18-1804,185,http://digital.library.okstate.edu/kappler/Vol2/treaties/del0070.htm,
V0035,Operable,Piankeshaw,,,,,,,,,,,,,,,,,,,,Vincennes,IN,08-27-1804,185,http://digital.library.okstate.edu/kappler/Vol2/treaties/pia0072.htm,
V0036,Operable,Cherokee,,,,,,,,,,,,,,,,,,,,Tellico,TN,10-24-1804,185,http://digital.library.okstate.edu/kappler/Vol2/treaties/che0073.htm,
V0037,Operable,Sauk,Fox,,,,,,,,,,,,,,,,,,,St Louis,MO,11-03-1804,185,http://digital.library.okstate.edu/kappler/Vol2/treaties/sau0074.htm,
V0038,Operable,Wyandot,Ottawa,Delaware,Shawnee,,,,,,,,,,,,,,,,,"Fort Industry, on the Maumee",OH,07-04-1805,185,http://digital.library.okstate.edu/kappler/Vol2/treaties/wya0077.htm,
V0039,Operable,Chickasaw,,,,,,,,,,,,,,,,,,,,Chickasaw country,MS,07-23-1805,185,http://digital.library.okstate.edu/kappler/Vol2/treaties/chi0079.htm,
V0040,Operable,Delaware,Potawatomi,Miami,Eel River,Wea,,,,,,,,,,,,,,,,"Groseland, near Vincennes",IN,08-21-1805,185,http://digital.library.okstate.edu/kappler/Vol2/treaties/del0080.htm,
V0041,Operable,Sioux Nation,,,,,,,,,,,,,,,,,,,,Mouth of St Peters River,IN,09-23-1805,185,http://digital.library.okstate.edu/kappler/Vol2/treaties/sio1031.htm,
V0042,Operable,Cherokee,,,,,,,,,,,,,,,,,,,,Tellico,TN,10-25-1805,185,http://digital.library.okstate.edu/kappler/Vol2/treaties/che0082.htm,
V0043,Operable,Cherokee,,,,,,,,,,,,,,,,,,,,Tellico,TN,10-27-1805,185,http://digital.library.okstate.edu/kappler/Vol2/treaties/che0084.htm,
V0044,Operable,Creek,,,,,,,,,,,,,,,,,,,,Washington DC,DC,11-14-1805,185,http://digital.library.okstate.edu/kappler/Vol2/treaties/cre0085.htm,
V0045,Operable,Choctaw,,,,,,,,,,,,,,,,,,,,Mt Dexter,MS,11-16-1805,185,http://digital.library.okstate.edu/kappler/Vol2/treaties/cho0087.htm,
V0046,Operable,Piankeshaw,,,,,,,,,,,,,,,,,,,,Vincennes,IN,12-30-1805,185,http://digital.library.okstate.edu/kappler/Vol2/treaties/pia0089.htm,
V0047,Operable,Cherokee,,,,,,,,,,,,,,,,,,,,Washington DC,DC,01-07-1806,185,http://digital.library.okstate.edu/kappler/Vol2/treaties/che0090.htm,
V0048,Operable,Ottawa,Chippewa,Potawatomi,,,,,,,,,,,,,,,,,,Detroit,MI,11-17-1807,185,http://digital.library.okstate.edu/kappler/Vol2/treaties/ott0092.htm,
V0049,Operable,Osage,,,,,,,,,,,,,,,,,,,,Fort Clark,LA,11-10-1808,185,http://digital.library.okstate.edu/kappler/Vol2/treaties/osa0095.htm,
V0050,Operable,Chippewa,Ottawa,Potawatomi,Wyandot,Shawnee,,,,,,,,,,,,,,,,Brownstone,MI,11-25-1808,185,http://digital.library.okstate.edu/kappler/Vol2/treaties/chi0099.htm,
V0051,Operable,Delaware,Potawatomi,Miami,Eel River,,,,,,,,,,,,,,,,,Fort Wayne,IN,09-30-1809,185,http://digital.library.okstate.edu/kappler/Vol2/treaties/del0101.htm,
V0052,Operable,Wea,,,,,,,,,,,,,,,,,,,,Vincennes,IN,10-26-1809,186,http://digital.library.okstate.edu/kappler/Vol2/treaties/wea0103.htm,
V0053,Operable,Kickapoo,,,,,,,,,,,,,,,,,,,,Vincennes,IN,12-09-1809,186,http://digital.library.okstate.edu/kappler/Vol2/treaties/kic0104.htm,
V0054,Operable,Wyandot,Delaware,Miami,Shawnee,Seneca,,,,,,,,,,,,,,,,Greenville,OH,07-22-1814,186,http://digital.library.okstate.edu/kappler/Vol2/treaties/wya0105.htm,
V0055,Operable,Creek,,,,,,,,,,,,,,,,,,,,Fort Jackson,MS,08-09-1814,186,http://digital.library.okstate.edu/kappler/Vol2/treaties/cre0107.htm,
V0056,Operable,Potawatomi,,,,,,,,,,,,,,,,,,,,"Portage des Sioux, near St Louis",MO,07-18-1815,186,http://digital.library.okstate.edu/kappler/Vol2/treaties/pot0110.htm,
V0057,Operable,Piankeshaw,,,,,,,,,,,,,,,,,,,,"Portage des Sioux, near St Louis",MO,07-18-1815,186,http://digital.library.okstate.edu/kappler/Vol2/treaties/pia0111.htm,
V0058,Operable,Teton Sioux,,,,,,,,,,,,,,,,,,,,"Portage des Sioux, near St Louis",MO,07-19-1815,186,http://digital.library.okstate.edu/kappler/Vol2/treaties/tet0112.htm,
V0059,Operable,Sioux of the Lakes,,,,,,,,,,,,,,,,,,,,"Portage des Sioux, near St Louis",MO,07-19-1815,186,http://digital.library.okstate.edu/kappler/Vol2/treaties/sio0113.htm,
V0060,Operable,Sioux of the St. Peter's River,,,,,,,,,,,,,,,,,,,,"Portage des Sioux, near St Louis",MO,07-19-1815,186,http://digital.library.okstate.edu/kappler/Vol2/treaties/sio0114.htm,
V0061,Operable,Yankton Sioux,,,,,,,,,,,,,,,,,,,,"Portage des Sioux, near St Louis",MO,07-19-1815,186,http://digital.library.okstate.edu/kappler/Vol2/treaties/yan0115.htm,
V0062,Operable,Omaha,,,,,,,,,,,,,,,,,,,,"Portage des Sioux, near St Louis",MO,07-20-1815,186,http://digital.library.okstate.edu/kappler/Vol2/treaties/mak0115.htm,
V0063,Operable,Kickapoo,,,,,,,,,,,,,,,,,,,,"Portage des Sioux, near St Louis",MO,09-02-1815,186,http://digital.library.okstate.edu/kappler/Vol2/treaties/kic0116.htm,
V0064,Operable,Wyandot,Delaware,Seneca,Miami,Shawnee,Chippewa,Potawatomi,,,,,,,,,,,,,,"Spring Wells, near Detroit",MI,09-08-1815,186,http://digital.library.okstate.edu/kappler/Vol2/treaties/wya0117.htm,
V0065,Operable,Osage,,,,,,,,,,,,,,,,,,,,"Portage des Sioux, near St Louis",MO,09-12-1815,186,http://digital.library.okstate.edu/kappler/Vol2/treaties/osa0119.htm,
V0066,Operable,Sauk,,,,,,,,,,,,,,,,,,,,"Portage des Sioux, near St Louis",MO,09-13-1815,186,http://digital.library.okstate.edu/kappler/Vol2/treaties/sau0120.htm,
V0067,Operable,Fox ,,,,,,,,,,,,,,,,,,,,"Portage des Sioux, near St Louis",MO,09-14-1815,186,http://digital.library.okstate.edu/kappler/Vol2/treaties/fox0121.htm,
V0068,Operable,Iowa,,,,,,,,,,,,,,,,,,,,"Portage des Sioux, near St Louis",MO,09-16-1815,186,http://digital.library.okstate.edu/kappler/Vol2/treaties/iow0122.htm,
V0069,Operable,Kansa,,,,,,,,,,,,,,,,,,,,"Portage des Sioux, near St Louis",MO,10-28-1815,186,http://digital.library.okstate.edu/kappler/Vol2/treaties/kan0123.htm,
V0070,Operable,Cherokee,,,,,,,,,,,,,,,,,,,,Washington DC,DC,03-22-1816,186,http://digital.library.okstate.edu/kappler/Vol2/treaties/che0124.htm,
V0071,Operable,Cherokee,,,,,,,,,,,,,,,,,,,,Washington DC,DC,03-22-1816,186,http://digital.library.okstate.edu/kappler/Vol2/treaties/che0125.htm,
V0072,Operable,Sauk of the Rock River,,,,,,,,,,,,,,,,,,,,St Louis,MO,05-13-1816,186,http://digital.library.okstate.edu/kappler/Vol2/treaties/sau0126.htm,
V0073,Operable,Eastern Sioux,,,,,,,,,,,,,,,,,,,,St Louis,MO,06-01-1816,186,http://digital.library.okstate.edu/kappler/Vol2/treaties/sio0128.htm,
V0074,Operable,Winnebago,,,,,,,,,,,,,,,,,,,,St Louis,MO,06-03-1816,187,http://digital.library.okstate.edu/kappler/Vol2/treaties/win0130.htm,
V0075,Operable,Wea,Kickapoo,,,,,,,,,,,,,,,,,,,Fort Harrison,IN,06-04-1816,187,http://digital.library.okstate.edu/kappler/Vol2/treaties/kic0131.htm,
V0076,Operable,Ottawa,Chippewa,Potawatomi,,,,,,,,,,,,,,,,,,St Louis,MO,08-24-1816,187,http://digital.library.okstate.edu/kappler/Vol2/treaties/ott0132.htm,
V0077,Operable,Cherokee,,,,,,,,,,,,,,,,,,,,Chickasaw Council House,MS,09-14-1816,187,http://digital.library.okstate.edu/kappler/Vol2/treaties/che0133.htm,
V0078,Operable,Chickasaw,,,,,,,,,,,,,,,,,,,,Chickasaw Council House,MS,09-20-1816,187,http://digital.library.okstate.edu/kappler/Vol2/treaties/chi0135.htm,
V0079,Operable,Choctaw,,,,,,,,,,,,,,,,,,,,Choctaw Trading House,MS,10-24-1816,187,http://digital.library.okstate.edu/kappler/Vol2/treaties/cho0137.htm,
V0080,Operable,Menominee,,,,,,,,,,,,,,,,,,,,St Louis,MO,03-30-1817,187,http://digital.library.okstate.edu/kappler/Vol2/treaties/men0138.htm,
V0081,Operable,Oto,,,,,,,,,,,,,,,,,,,,St Louis,MO,06-24-1817,187,http://digital.library.okstate.edu/kappler/Vol2/treaties/oto0139.htm,
V0082,Operable,Ponca,,,,,,,,,,,,,,,,,,,,St Louis,MO,06-25-1817,187,http://digital.library.okstate.edu/kappler/Vol2/treaties/pon0140.htm,
V0083,Operable,Cherokee,,,,,,,,,,,,,,,,,,,,Cherokee Agency,TN,07-08-1817,187,http://digital.library.okstate.edu/kappler/Vol2/treaties/che0140.htm,
V0084,Operable,Wyandot,Seneca,Delaware,Shawnee,Potawatomi,Ottawa,Chippewa,,,,,,,,,,,,,,Rapids of the Maumee River,OH,09-29-1817,187,http://digital.library.okstate.edu/kappler/Vol2/treaties/wya0145.htm,
V0085,Operable,Creek,,,,,,,,,,,,,,,,,,,,"Creek Agency, Flint River",GA,01-22-1818,187,http://digital.library.okstate.edu/kappler/Vol2/treaties/cre0155.htm,
V0086,Operable,Chawi Pawnee,,,,,,,,,,,,,,,,,,,,St Louis,MO,06-18-1818,187,http://digital.library.okstate.edu/kappler/Vol2/treaties/gra0156.htm,
V0087,Operable,Pitahawirata Pawnee,,,,,,,,,,,,,,,,,,,,St Louis,MO,06-19-1818,187,http://digital.library.okstate.edu/kappler/Vol2/treaties/paw0157.htm,
V0088,Operable,Kitkahahki Pawnee,,,,,,,,,,,,,,,,,,,,St Louis,MO,06-20-1818,187,http://digital.library.okstate.edu/kappler/Vol2/treaties/paw0158.htm,
V0089,Operable,Skiri Pawnee,,,,,,,,,,,,,,,,,,,,St Louis,MO,06-22-1818,187,http://digital.library.okstate.edu/kappler/Vol2/treaties/paw0159.htm,
V0090,Operable,Quapaw,,,,,,,,,,,,,,,,,,,,St Louis,MO,08-24-1818,187,http://digital.library.okstate.edu/kappler/Vol2/treaties/qua0160.htm,
V0091,Operable,Wyandot,Seneca,Shawnee,Ottawa,,,,,,,,,,,,,,,,,St Mary's,OH,09-17-1818,187,http://digital.library.okstate.edu/kappler/Vol2/treaties/wya0162.htm,
V0092,Operable,Wyandot,,,,,,,,,,,,,,,,,,,,St Mary's,OH,09-20-1818,187,http://digital.library.okstate.edu/kappler/Vol2/treaties/wya0164.htm,
V0093,Operable,Peoria,Michigamea,Tamoroa,Cahokia,,,,,,,,,,,,,,,,,Edwardsville,IL,09-25-1818,187,http://digital.library.okstate.edu/kappler/Vol2/treaties/peo0165.htm,
V0094,Operable,Osage,,,,,,,,,,,,,,,,,,,,St Louis,MO,09-25-1818,187,http://digital.library.okstate.edu/kappler/Vol2/treaties/osa0167.htm,
V0095,Operable,Potawatomi,,,,,,,,,,,,,,,,,,,,St Mary's,OH,10-02-1818,188,http://digital.library.okstate.edu/kappler/Vol2/treaties/pot0168.htm,
V0096,Operable,Wea,,,,,,,,,,,,,,,,,,,,St Mary's,OH,10-02-1818,188,http://digital.library.okstate.edu/kappler/Vol2/treaties/wea0169.htm,
V0097,Operable,Delaware,,,,,,,,,,,,,,,,,,,,St Mary's,OH,10-03-1818,188,http://digital.library.okstate.edu/kappler/Vol2/treaties/del0170.htm,
V0098,Operable,Miami,,,,,,,,,,,,,,,,,,,,St Mary's,OH,10-06-1818,188,http://digital.library.okstate.edu/kappler/Vol2/treaties/mia0171.htm,
V0099,Operable,Chickasaw,,,,,,,,,,,,,,,,,,,,Treaty ground east of old town,MS,10-19-1818,188,http://digital.library.okstate.edu/kappler/Vol2/treaties/chi0174.htm,
V0100,Operable,Cherokee,,,,,,,,,,,,,,,,,,,,Washington DC,DC,02-27-1819,188,http://digital.library.okstate.edu/kappler/Vol2/treaties/che0177.htm,
V0101,Operable,Kickapoo,,,,,,,,,,,,,,,,,,,,Edwardsville,IL,07-30-1819,188,http://digital.library.okstate.edu/kappler/Vol2/treaties/kic0182.htm,
V0102,Operable,Kickapoo of the Vermillion,,,,,,,,,,,,,,,,,,,,Fort Harrison,IN,08-30-1819,188,http://digital.library.okstate.edu/kappler/Vol2/treaties/kic0184.htm,
V0103,Operable,Chippewa,,,,,,,,,,,,,,,,,,,,Saginaw,MI,09-24-1819,188,http://digital.library.okstate.edu/kappler/Vol2/treaties/chi0185.htm,
V0104,Operable,Chippewa,,,,,,,,,,,,,,,,,,,,Sault Ste Marie,MI,06-16-1820,188,http://digital.library.okstate.edu/kappler/Vol2/treaties/chi0187.htm,
V0105,Operable,Ottawa,Chippewa,,,,,,,,,,,,,,,,,,,L'Abre Croche and Michilimackinac,MI,07-06-1820,188,http://digital.library.okstate.edu/kappler/Vol2/treaties/chi0188.htm,
V0106,Operable,Kickapoo,,,,,,,,,,,,,,,,,,,,St Louis,MO,07-19-1820,188,http://digital.library.okstate.edu/kappler/Vol2/treaties/kic0189.htm,
V0107,Operable,Wea,,,,,,,,,,,,,,,,,,,,Vincennes,IN,08-11-1820,188,http://digital.library.okstate.edu/kappler/Vol2/treaties/wea0190.htm,
V0108,Operable,Kickapoo of the Vermillion,,,,,,,,,,,,,,,,,,,,Fort Harrison,IN,09-05-1820,188,http://digital.library.okstate.edu/kappler/Vol2/treaties/kic0191.htm,
V0109,Operable,Choctaw,,,,,,,,,,,,,,,,,,,,"Treaty ground, Doak's Stand",MS,10-18-1820,188,http://digital.library.okstate.edu/kappler/Vol2/treaties/cho0191.htm,
V0110,Operable,Creek,,,,,,,,,,,,,,,,,,,,Indian Springs,GA,01-08-1821,188,http://digital.library.okstate.edu/kappler/Vol2/treaties/cre0195.htm,
V0111,Operable,Ottawa,Chippewa,Potawatomi,,,,,,,,,,,,,,,,,,Chicago,IL,08-29-1821,188,http://digital.library.okstate.edu/kappler/Vol2/treaties/ott0198.htm,
V0112,Operable,Osage,,,,,,,,,,,,,,,,,,,,US factory on Marais de Cynges,MO,08-31-1821,188,http://digital.library.okstate.edu/kappler/Vol2/treaties/osa0201.htm,
V0112A,Operable,Florida Tribes,,,,,,,,,,,,,,,,,,,,"Camp on Moultrie Creek, Fla Terr",FL,09-18-1823,188,http://digital.library.okstate.edu/KAPPLER/VOL2/treaties/sem0203.htm,Missed first time round!
V0113,Operable,Sauk,Fox,,,,,,,,,,,,,,,,,,,Washington DC,DC,08-04-1824,188,http://digital.library.okstate.edu/kappler/Vol2/treaties/sau0202.htm,
V0114,Operable,Iowa,,,,,,,,,,,,,,,,,,,,Washington DC,DC,08-04-1824,188,http://digital.library.okstate.edu/kappler/Vol2/treaties/iow0208.htm,
V0115,Operable,Quapaw,,,,,,,,,,,,,,,,,,,,Harrington's,AR,11-15-1824,188,http://digital.library.okstate.edu/kappler/Vol2/treaties/qua0210.htm,
V0116,Operable,Choctaw,,,,,,,,,,,,,,,,,,,,Washington DC,DC,01-20-1825,189,http://digital.library.okstate.edu/kappler/Vol2/treaties/cho0211.htm,
V0117,Operable,Creek,,,,,,,,,,,,,,,,,,,,Indian Springs,MO,02-12-1825,189,http://digital.library.okstate.edu/kappler/Vol2/treaties/cre0214.htm,
V0118,Operable,Osage,,,,,,,,,,,,,,,,,,,,St Louis,MO,06-02-1825,189,http://digital.library.okstate.edu/kappler/Vol2/treaties/osa0217.htm,
V0119,Operable,Kansa,,,,,,,,,,,,,,,,,,,,St Louis,MO,06-03-1825,189,http://digital.library.okstate.edu/kappler/Vol2/treaties/kan0222.htm,
V0120,Operable,Ponca,,,,,,,,,,,,,,,,,,,,"Ponca Village, mouth of White Paint Creek",OH,06-09-1825,189,http://digital.library.okstate.edu/kappler/Vol2/treaties/pon0225.htm,
V0121,Operable,Teton Sioux,Yankton Sioux,Yanktonais Sioux,,,,,,,,,,,,,,,,,,Fort Lookout,MO,06-22-1825,189,http://digital.library.okstate.edu/kappler/Vol2/treaties/sio0227.htm,
V0122,Operable,Saone Sioux,Oglala Sioux,,,,,,,,,,,,,,,,,,,Mouth of the Teton River,MT,07-05-1825,189,http://digital.library.okstate.edu/kappler/Vol2/treaties/ogl0230.htm,
V0123,Operable,Cheyenne,,,,,,,,,,,,,,,,,,,,Mouth of the Teton River,MT,07-06-1825,189,http://digital.library.okstate.edu/kappler/Vol2/treaties/che0232.htm,
V0124,Operable,Hunkpapa Sioux,,,,,,,,,,,,,,,,,,,,Arikara Village,ND,07-16-1825,189,http://digital.library.okstate.edu/kappler/Vol2/treaties/hun0235.htm,
V0125,Operable,Arikara,,,,,,,,,,,,,,,,,,,,Arikara Village,ND,07-18-1825,189,http://digital.library.okstate.edu/kappler/Vol2/treaties/ari0237.htm,
V0126,Operable,Hidatsa,,,,,,,,,,,,,,,,,,,,Lower Mandan Village,ND,07-30-1825,189,http://digital.library.okstate.edu/kappler/Vol2/treaties/bel0239.htm,
V0127,Operable,Mandan,,,,,,,,,,,,,,,,,,,,Mandan Village,ND,07-30-1825,189,http://digital.library.okstate.edu/kappler/Vol2/treaties/man0242.htm,
V0128,Operable,Crow,,,,,,,,,,,,,,,,,,,,Mandan Village,ND,08-04-1825,189,http://digital.library.okstate.edu/kappler/Vol2/treaties/cro0244.htm,
V0129,Operable,Great Osage,Little Osage,,,,,,,,,,,,,,,,,,,Council Grove,MO,08-10-1825,189,http://digital.library.okstate.edu/kappler/Vol2/treaties/osa0246.htm,
V0130,Operable,Kansa,,,,,,,,,,,,,,,,,,,,"Sora Kansas Creek, SW of Fort Osage",MO,08-16-1825,189,http://digital.library.okstate.edu/kappler/Vol2/treaties/kan0248.htm,
V0131,Operable,Sioux,Chippewa,Sauk,Fox,Menominee,Iowa,Winnebago,,,,,,,,,,,,,,Prairie du Chien,MI,08-19-1825,189,http://digital.library.okstate.edu/kappler/Vol2/treaties/sio0250.htm,
V0132,Operable,Otoe,Missouria,,,,,,,,,,,,,,,,,,,"Fort Atkinson, Council Bluffs",MI,09-26-1825,189,http://digital.library.okstate.edu/kappler/Vol2/treaties/oto0256.htm,
V0133,Operable,Pawnee,,,,,,,,,,,,,,,,,,,,"Fort Atkinson, Council Bluffs",MI,09-30-1825,189,http://digital.library.okstate.edu/kappler/Vol2/treaties/paw0258.htm,
V0134,Operable,Omaha,,,,,,,,,,,,,,,,,,,,"Fort Atkinson, Council Bluffs",MI,10-06-1825,189,http://digital.library.okstate.edu/kappler/Vol2/treaties/mak0260.htm,
V0135,Operable,Shawnee,,,,,,,,,,,,,,,,,,,,St Louis,MO,11-07-1825,189,http://digital.library.okstate.edu/kappler/Vol2/treaties/sha0262.htm,
V0136,Operable,Creek,,,,,,,,,,,,,,,,,,,,Washington DC,DC,01-24-1826,189,http://digital.library.okstate.edu/kappler/Vol2/treaties/cre0264.htm,
V0137,Operable,Chippewa,,,,,,,,,,,,,,,,,,,,Fond du Lac of Lake Superior,MI,08-05-1826,190,http://digital.library.okstate.edu/kappler/Vol2/treaties/chi0268.htm,
V0139,Operable,Potawatomi,,,,,,,,,,,,,,,,,,,,Mississinewa and Wabash Rivers,IN,10-16-1826,190,http://digital.library.okstate.edu/kappler/Vol2/treaties/pot0273.htm,
V0140,Operable,Miami,,,,,,,,,,,,,,,,,,,,Mississinewa and Wabash Rivers,IN,10-23-1826,190,http://digital.library.okstate.edu/kappler/Vol2/treaties/mia0278.htm,
V0141,Operable,Chippewa,Menominee,Winnebago,,,,,,,,,,,,,,,,,,"Butte des Morts, on Fox River",MI,08-11-1827,190,http://digital.library.okstate.edu/kappler/Vol2/treaties/chi0281.htm,
V0142,Operable,Potawatomi,,,,,,,,,,,,,,,,,,,,St. Joseph,MI,09-19-1827,190,http://digital.library.okstate.edu/kappler/Vol2/treaties/pot0283.htm,
V0143,Operable,Creek,,,,,,,,,,,,,,,,,,,,Creek Agency,GA,11-15-1827,190,http://digital.library.okstate.edu/kappler/Vol2/treaties/cre0284.htm,
V0144,Operable,Miami: Eel River or Thornton Party,,,,,,,,,,,,,,,,,,,,"Wyandot Village, near the Wabash",IN,02-11-1828,190,http://digital.library.okstate.edu/kappler/Vol2/treaties/mia0286.htm,
V0145,Operable,Cherokee west of the Mississippi,,,,,,,,,,,,,,,,,,,,Washington DC,DC,05-06-1828,190,http://digital.library.okstate.edu/kappler/Vol2/treaties/Che0288.htm,
V0146,Operable,Winnebago,Potawatomi,Chippewa,Ottawa,,,,,,,,,,,,,,,,,Green Bay,MI,08-25-1828,190,http://digital.library.okstate.edu/kappler/Vol2/treaties/win0292.htm,
V0147,Operable,Potawatomi,,,,,,,,,,,,,,,,,,,,Mission on St Joseph River,MI,09-20-1828,190,http://digital.library.okstate.edu/kappler/Vol2/treaties/pot0294.htm,
V0148,Operable,Chippewa,Ottawa,Potawatomi,,,,,,,,,,,,,,,,,,Prairie du Chien,MI,07-29-1829,190,http://digital.library.okstate.edu/kappler/Vol2/treaties/chi0297.htm,
V0149,Operable,Winnebago,,,,,,,,,,,,,,,,,,,,Prairie du Chien,MI,08-01-1829,190,http://digital.library.okstate.edu/kappler/Vol2/treaties/win0300.htm,
V0150,Operable,Delaware,,,,,,,,,,,,,,,,,,,,Little Sandusky,OH,08-03-1829,190,http://digital.library.okstate.edu/kappler/Vol2/treaties/del0303.htm,
V0151,Operable,Delaware,,,,,,,,,,,,,,,,,,,,James'  Fork of the White River,MO,09-24-1829,190,http://digital.library.okstate.edu/kappler/Vol2/treaties/del0304.htm,
V0152,Operable,Sauk,Fox,Sioux,Omaha,Iowa,Oto,Missouria,,,,,,,,,,,,,,Prairie du Chien,MI,07-15-1830,190,http://digital.library.okstate.edu/kappler/Vol2/treaties/sau0305.htm,
V0153,Operable,Choctaw,,,,,,,,,,,,,,,,,,,,Dancing Rabbit Creek,MS,09-27-1830,190,http://digital.library.okstate.edu/kappler/Vol2/treaties/cho0310.htm,
V0154,Operable,Menominee,,,,,,,,,,,,,,,,,,,,Washington DC,DC,02-08-1831,190,http://digital.library.okstate.edu/kappler/Vol2/treaties/men0319.htm,
V0155,Operable,Menominee,,,,,,,,,,,,,,,,,,,,Washington DC,DC,02-17-1831,190,http://digital.library.okstate.edu/kappler/Vol2/treaties/men0323.htm,
V0156,Operable,"Seneca on Sandusky Rover, Ohio",,,,,,,,,,,,,,,,,,,,Washington DC,DC,02-28-1831,191,http://digital.library.okstate.edu/kappler/Vol2/treaties/sen0325.htm,
V0157,Operable,Seneca,Shawnee,,,,,,,,,,,,,,,,,,,"Lewistown, Logan County",OH,07-20-1831,191,http://digital.library.okstate.edu/kappler/Vol2/treaties/sen0327.htm,
V0158,Operable,Shawnee,,,,,,,,,,,,,,,,,,,,Wapakoneta,OH,08-08-1831,191,http://digital.library.okstate.edu/kappler/Vol2/treaties/sha0331.htm,
V0159,Operable,Ottawa in Ohio,,,,,,,,,,,,,,,,,,,,Ottowa Reserve on Lake Erie,OH,08-30-1831,191,http://digital.library.okstate.edu/kappler/Vol2/treaties/ott0335.htm,
V0160,Operable,Wyandot,,,,,,,,,,,,,,,,,,,,"McCutchenville, Crawford County",OH,01-19-1832,191,http://digital.library.okstate.edu/kappler/Vol2/treaties/wya0339.htm,
V0161,Operable,Creek,,,,,,,,,,,,,,,,,,,,Washington DC,DC,03-24-1832,191,http://digital.library.okstate.edu/kappler/Vol2/treaties/cre0341.htm,
V0162,Operable,Seminole,,,,,,,,,,,,,,,,,,,,"Payne's Landing, on Ocklawaha River",FL,05-09-1832,191,http://digital.library.okstate.edu/kappler/Vol2/treaties/sem0344.htm,
V0163,Operable,Winnebago,,,,,,,,,,,,,,,,,,,,Fort Armstrong,IL,09-15-1832,191,http://digital.library.okstate.edu/kappler/Vol2/treaties/win0345.htm,
V0164,Operable,Sauk,Fox,,,,,,,,,,,,,,,,,,,Fort Armstrong,IL,09-21-1832,191,http://digital.library.okstate.edu/kappler/Vol2/treaties/sau0349.htm,
V0165,Operable,Apalachicola,,,,,,,,,,,,,,,,,,,,Tallahassee,FL,10-11-1832,191,http://digital.library.okstate.edu/kappler/Vol2/treaties/app0352.htm,
V0166,Operable,Potawatomi of the Prairie,,,,,,,,,,,,,,,,,,,,Camp Tippecanoe,IN,10-20-1832,191,http://digital.library.okstate.edu/kappler/Vol2/treaties/pot0353.htm,
V0167,Operable,Chickasaw,,,,,,,,,,,,,,,,,,,,Pontitoc Creek,MS,10-20-1832,191,http://digital.library.okstate.edu/kappler/Vol2/treaties/chi0356.htm,
V0168,Operable,Chickasaw,,,,,,,,,,,,,,,,,,,,Pontitoc Creek,MS,10-20-1832,191,http://digital.library.okstate.edu/kappler/Vol2/treaties/chi0362.htm,
V0169,Operable,Kickapoo,,,,,,,,,,,,,,,,,,,,"Castor Hill, St. Louis County",MO,10-24-1832,191,http://digital.library.okstate.edu/kappler/Vol2/treaties/kic0365.htm,
V0170,Operable,Potawatomi,,,,,,,,,,,,,Elkhart,Wabash,,,,,,Tippecanoe River,IN,10-26-1832,191,http://digital.library.okstate.edu/kappler/Vol2/treaties/pot0367.htm,
V0171,Operable,Shawnee,Delaware,,,,,,,,,,,,,,,,,,,"Castor Hill, St. Louis County",MO,10-26-1832,191,http://digital.library.okstate.edu/kappler/Vol2/treaties/sha0370.htm,
V0172,Operable,Potawatomi in Indiana and Michigan Territory,,,,,,,,,,,,,,,,,,,,Tippecanoe River,IN,10-27-1832,191,http://digital.library.okstate.edu/kappler/Vol2/treaties/pot0372.htm,
V0173,Operable,Kaskaskia,Peoria,Cahokia,Michihamea,Tamaroa,,,,,,,,,,,,,,,,"Castor Hill, St. Louis County",MO,10-27-1832,191,http://digital.library.okstate.edu/kappler/Vol2/treaties/kas0376.htm,
V0174,Operable,Menominee,,,,,,,,,,,,,,,,,,,,"Agency House, Green Bay",MI,10-27-1832,191,http://digital.library.okstate.edu/kappler/Vol2/treaties/men0377.htm,
V0175,Operable,Piankeshaw,Wea,,,,,,,,,,,,,,,,,,,"Castor Hill, St. Louis County",MO,10-29-1832,191,http://digital.library.okstate.edu/kappler/Vol2/treaties/pia0382.htm,
V0176,Operable,Seneca,Shawnee,,,,,,,,,,,,,,,,,,,Seneca Agency,OK,12-29-1832,191,http://digital.library.okstate.edu/kappler/Vol2/treaties/sen0383.htm,
V0177,Operable,Cherokee west of the Mississippi,,,,,,,,,,,,,,,,,,,,Fort Gibson,AR,02-14-1833,192,http://digital.library.okstate.edu/kappler/Vol2/treaties/Che0385.htm,
V0178,Operable,Creek,,,,,,,,,,,,,,,,,,,,Fort Gibson,AR,02-14-1833,192,http://digital.library.okstate.edu/kappler/Vol2/treaties/cre0388.htm,
V0179,Operable,Ottawa,,,,,,,,,,,,,,,,,,,,Maumee,OH,02-18-1833,192,http://digital.library.okstate.edu/kappler/Vol2/treaties/ott0392.htm,
V0180,Operable,Seminole,,,,,,,,,,,,,,,,,,,,Fort Gibson,AR,03-28-1833,192,http://digital.library.okstate.edu/kappler/Vol2/treaties/sem0394.htm,
V0181,Operable,Quapaw,,,,,,,,,,,,,,,,,,,,New Garscony,AR,05-13-1833,192,http://digital.library.okstate.edu/kappler/Vol2/treaties/qua0395.htm,
V0182,Operable,Apalachicola,,,,,,,,,,,,,,,,,,,,"Pope's, Fayette County",FL,06-18-1833,192,http://digital.library.okstate.edu/kappler/Vol2/treaties/app0398.htm,
V0183,Operable,Oto,Missouria,,,,,,,,,,,,,,,,,,,"Oto Village, on the Platte River",NE,09-21-1833,192,http://digital.library.okstate.edu/kappler/Vol2/treaties/oto0400.htm,
V0184,Operable,Chippewa,Ottawa,Potawatomi,,,,,,,,,,,,,,,,,,Chicago,IL,09-26-1833,192,http://digital.library.okstate.edu/kappler/Vol2/treaties/chi0402.htm,
V0185,Operable,Pawnee,,,,,,,,,,,,,,,,,,,,Grand Pawnee Village on the Platte River,NE,10-09-1833,192,http://digital.library.okstate.edu/kappler/Vol2/treaties/paw0416.htm,
V0186,Operable,Chickasaw,,,,,,,,,,,,,,,,,,,,Washington DC,DC,05-24-1834,192,http://digital.library.okstate.edu/kappler/Vol2/treaties/chi0418.htm,
V0187,Operable,Miami,,,,,,,,,,,,,,,,,,,,Forks of the Wabash,IN,10-23-1834,192,http://digital.library.okstate.edu/kappler/Vol2/treaties/mia0425.htm,
V0188,Operable,Potawatomi,,,,,,,,,,,,,Comoza,,,,,,,Lake Maxeeniekuelee,IN,12-04-1834,192,http://digital.library.okstate.edu/kappler/Vol2/treaties/pot0428.htm,
V0189,Operable,Potawatomi,,,,,,,,,,,,,Muck Rose,,,,,,,On Tippecanoe River,IN,12-10-1834,192,http://digital.library.okstate.edu/kappler/Vol2/treaties/pot0429.htm,
V0190,Operable,Potawatomi,,,,,,,,,,,,,Ashkum,,,,,,,Potawatomi Mills,IN,12-16-1834,192,http://digital.library.okstate.edu/kappler/Vol2/treaties/pot0430.htm,
V0191,Operable,Potawatomi,,,,,,,,,,,,,Mota,,,,,,,"Indian Agency, Logansport",IN,12-17-1834,192,http://digital.library.okstate.edu/kappler/Vol2/treaties/pot0431.htm,
V0192,Operable,Caddo,,,,,,,,,,,,,,,,,,,,Caddo Agency House,LA,07-01-1835,192,http://digital.library.okstate.edu/kappler/Vol2/treaties/cad0432.htm,
V0193,Operable,Comanche,Wichita,Cherokee,Creek,Choctaw,Osage,Seneca,Quapaw,,,,,,,,,,,,,"Camp Holmes, near Canadian River",AR,08-24-1835,192,http://digital.library.okstate.edu/kappler/Vol2/treaties/com0435.htm,
V0194,Operable,Cherokee,,,,,,,,,,,,,,,,,,,,New Echota,GA,12-29-1835,192,http://digital.library.okstate.edu/kappler/Vol2/treaties/che0439.htm,
V0195,Operable,Potawatomi,,,,,,,,,,,,,Mesquawbuck's,,,,,,,Turkey Creek Prairie,IN,03-26-1836,192,http://digital.library.okstate.edu/kappler/Vol2/treaties/pot0450.htm,
V0196,Operable,Ottawa,Chippewa,,,,,,,,,,,,,,,,,,,Washington DC,DC,03-28-1836,192,http://digital.library.okstate.edu/kappler/Vol2/treaties/ott0450.htm,
V0197,Operable,Potawatomi,,,,,,,,,,,,,Waukewa's,,,,,,,Tippecanoe River,IN,03-29-1836,192,http://digital.library.okstate.edu/kappler/Vol2/treaties/pot0457.htm,
V0198,Operable,Potawatomi,,,,,,,,,,,,,Aubbeenaubee's band,,,,,,,Tippecanoe River,IN,04-11-1836,192,http://digital.library.okstate.edu/kappler/Vol2/treaties/pot0457a.htm,
V0199,Operable,Potawatomi,,,,,,,,,,,,,Okahmause,Neeboash,Keewawnay,Matchislaw,,,,"Indian Agency, Logansport",IN,04-22-1836,193,http://digital.library.okstate.edu/kappler/Vol2/treaties/pot0458.htm,
V0200,Operable,Potawatomi,,,,,,,,,,,,,Naswakee's,Quashquaw's,,,,,,"Indian Agency, Logansport",IN,04-23-1836,193,http://digital.library.okstate.edu/kappler/Vol2/treaties/pot0459.htm,
V0201,Operable,Wyandot in Ohio,,,,,,,,,,,,,,,,,,,,Washington DC,DC,04-23-1836,193,http://digital.library.okstate.edu/kappler/Vol2/treaties/wya0460.htm,
V0202,Operable,Chippewa,,,,,,,,,,,,,Swan Creek ,Black River,,,,,,Washington DC,DC,05-09-1836,193,http://digital.library.okstate.edu/kappler/Vol2/treaties/chi0461.htm,
V0203,Operable,Potawatomi,,,,,,,,,,,,,Pepinawaw,Notawkah,Mackahmoah,,,,,Near Yellow River,IN,08-05-1836,193,http://digital.library.okstate.edu/kappler/Vol2/treaties/pot0462.htm,
V0204,Operable,Menominee,,,,,,,,,,,,,,,,,,,,"Cedar Point, near Green Bay",WI,09-03-1836,193,http://digital.library.okstate.edu/kappler/Vol2/treaties/men0463.htm,
V0205,Operable,Sioux,,,,,,,,,,,,,Wahashaw's,,,,,,,NA,NA,09-10-1836,193,http://digital.library.okstate.edu/kappler/Vol2/treaties/sio0466.htm,
V0206,Operable,Iowa,Sauk of the Missouri,Fox of the Missouri,,,,,,,,,,,,,,,,,,Fort Leavenworth,KS,09-17-1836,193,http://digital.library.okstate.edu/kappler/Vol2/treaties/iow0468.htm,
V0207,Operable,Potawatomi,,,,,,,,,,,,,Wewesah,Mematway,Chequarako,,,,,Chippewanaung,IN,09-20-1836,193,http://digital.library.okstate.edu/kappler/Vol2/treaties/pot0470.htm,
V0208,Operable,Potawatomi,,,,,,,,,,,,,Mosack's,,,,,,,Chippewanaung,IN,09-22-1836,193,http://digital.library.okstate.edu/kappler/Vol2/treaties/pot0471.htm,
V0209,Operable,Potawatomi of the Wabash,,,,,,,,,,,,,,,,,,,,Chippewanaung,IN,09-23-1836,193,http://digital.library.okstate.edu/kappler/Vol2/treaties/pot0471a.htm,
V0210,Operable,Sauk,Fox,,,,,,,,,,,,,,,,,,,NA,NA,09-27-1836,193,http://digital.library.okstate.edu/kappler/Vol2/treaties/sau0473.htm,
V0211,Operable,Sauk ,Fox,,,,,,,,,,,,,,,,,,,Treaty Ground Opposite Rock Island,MI,09-28-1836,193,http://digital.library.okstate.edu/kappler/Vol2/treaties/sau0474.htm,
V0212,Operable,Otoe,Missouria,Omaha,Yankton Sioux,Santee Sioux,,,,,,,,,,,,,,,,"Bellevue, Upper Missouri River",NE,10-15-1836,193,http://digital.library.okstate.edu/kappler/Vol2/treaties/oto0479.htm,
V0213,Operable,Wahpekute Sioux,Sisseton Sioux,Mdewankanton Sioux,,,,,,,,,,,,,,,,,,NA,NA,11-30-1836,193,http://digital.library.okstate.edu/kappler/Vol2/treaties/sio0481.htm,
V0214,Operable,Saginaw Chippewa,,,,,,,,,,,,,,,,,,,,Detroit,MI,01-14-1837,193,http://digital.library.okstate.edu/kappler/Vol2/treaties/chi0482.htm,
V0215,Operable,Choctaw,Chickasaw,,,,,,,,,,,,,,,,,,,Doaksville,OK,01-17-1837,193,http://digital.library.okstate.edu/kappler/Vol2/treaties/Chi0486.htm,
V0216,Operable,Potawatomi,,,,,,,,,,,,,,,,,,,,Washington DC,DC,02-11-1837,193,http://digital.library.okstate.edu/kappler/Vol2/treaties/pot0488.htm,
V0217,Operable,Kiowa,Kiowa Apache,Tawakoni,,,,,,,,,,,,,,,,,,Fort Gibson,OK,05-26-1837,193,http://digital.library.okstate.edu/kappler/Vol2/treaties/kio0489.htm,
V0218,Operable,Chippewa,,,,,,,,,,,,,,,,,,,,St Peters,WI,07-29-1837,194,http://digital.library.okstate.edu/kappler/Vol2/treaties/chi0491.htm,
V0219,Operable,Sioux of the Mississippi,,,,,,,,,,,,,,,,,,,,Washington DC,DC,09-29-1837,194,http://digital.library.okstate.edu/kappler/Vol2/treaties/sio0493.htm,
V0220,Operable,Sauk ,Fox,,,,,,,,,,,,,,,,,,,Washington DC,DC,10-21-1837,194,http://digital.library.okstate.edu/kappler/Vol2/treaties/sau0495.htm,
V0221,Operable,Yankton Sioux,,,,,,,,,,,,,,,,,,,,Washington DC,DC,10-21-1837,194,http://digital.library.okstate.edu/kappler/Vol2/treaties/yan0496.htm,
V0222,Operable,Sauk of the Missouri,Fox of the Missouri,,,,,,,,,,,,,,,,,,,Washington DC,DC,10-21-1837,194,http://digital.library.okstate.edu/kappler/Vol2/treaties/sau0497.htm,
V0223,Operable,Winnebago,,,,,,,,,,,,,,,,,,,,Washington DC,DC,11-01-1837,194,http://digital.library.okstate.edu/kappler/Vol2/treaties/win0498.htm,
V0224,Operable,Iowa,,,,,,,,,,,,,,,,,,,,St Louis,MO,11-23-1837,194,http://digital.library.okstate.edu/kappler/Vol2/treaties/iow0500.htm,
V0225,Operable,Chippewa,,,,,,,,,,,,,,,,,,,,Flint River ,MI,12-20-1837,194,http://digital.library.okstate.edu/kappler/Vol2/treaties/chi0501.htm,
V0226,Operable,New York Indians: Six Nations,,,,,,,,,,,,,,,,,,,,Buffalo Creek,NY,01-15-1838,194,http://digital.library.okstate.edu/kappler/Vol2/treaties/new0502.htm,
V0227,Operable,Chippewa of Saginaw,,,,,,,,,,,,,,,,,,,,Saginaw,MI,01-23-1838,194,http://digital.library.okstate.edu/kappler/Vol2/treaties/chi0516.htm,
V0228,Operable,Oneida: First Christian and Orchard Parties,,,,,,,,,,,,,,,,,,,,Washington DC,DC,02-03-1838,194,http://digital.library.okstate.edu/kappler/Vol2/treaties/one0517.htm,
V0229,Operable,Iowa,,,,,,,,,,,,,,,,,,,,Great Nemaha Subagency,KS,10-19-1838,194,http://digital.library.okstate.edu/kappler/Vol2/treaties/iow0518.htm,
V0230,Operable,Miami,,,,,,,,,,,,,,,,,,,,Forks of the Wabash,IN,11-06-1838,194,http://digital.library.okstate.edu/kappler/Vol2/treaties/mia0519.htm,
V0231,Operable,Creek,,,,,,,,,,,,,,,,,,,,Fort Gibson,OK,11-23-1838,194,http://digital.library.okstate.edu/kappler/Vol2/treaties/cre0524.htm,
V0232,Operable,Osage,,,,,,,,,,,,,,,,,,,,Fort Gibson,OK,01-11-1839,194,http://digital.library.okstate.edu/kappler/Vol2/treaties/osa0525.htm,
V0233,Operable,Chippewa of Saginaw,,,,,,,,,,,,,,,,,,,,Lower Saginaw,MI,02-07-1839,194,http://digital.library.okstate.edu/kappler/Vol2/treaties/chi0528.htm,
V0234,Operable,Stockbridge ,Munsee,,,,,,,,,,,,,,,,,,,Stockbridge,WI,09-03-1839,194,http://digital.library.okstate.edu/kappler/Vol2/treaties/sto0529.htm,
V0235,Operable,Miami,,,,,,,,,,,,,,,,,,,,Forks of the Wabash,IN,11-28-1840,194,http://digital.library.okstate.edu/kappler/Vol2/treaties/mia0531.htm,
V0236,Operable,Wyandot,,,,,,,,,,,,,,,,,,,,"Council House, Upper Sandusky",OH,03-17-1842,194,http://digital.library.okstate.edu/kappler/Vol2/treaties/wya0534.htm,
V0237,Operable,Seneca,,,,,,,,,,,,,,,,,,,,Buffalo Creek,NY,05-20-1842,194,http://digital.library.okstate.edu/kappler/Vol2/treaties/sen0537.htm,
V0238,Operable,Chippewa of the Mississippi and Lake Superior,,,,,,,,,,,,,,,,,,,,La Pointe of Lake Superior,WI,10-04-1842,194,http://digital.library.okstate.edu/kappler/Vol2/treaties/chi0542.htm,
V0239,Operable,Sauk in Iowa,Fox in Iowa,,,,,,,,,,,,,,,,,,,Sauk and Fox Agency,IA,10-11-1842,194,http://digital.library.okstate.edu/kappler/Vol2/treaties/sau0546.htm,
V0240,Operable,Creek,Seminole,,,,,,,,,,,,,,,,,,,Creek Agency,OK,01-04-1845,195,http://digital.library.okstate.edu/kappler/Vol2/treaties/cre0550.htm,
V0241,Operable,Kansa,,,,,,,,,,,,,,,,,,,,Methodist Mission,KS,01-14-1846,195,http://digital.library.okstate.edu/kappler/Vol2/treaties/kan0552.htm,
V0242,Operable,Comanche,Hainai,Caddo,Anadarko,Lipan,Tonkawa,Kitsai,Tawakoni,,,,,,,,,,,,,"Council Springs, Robinson County",TX,05-15-1846,195,http://digital.library.okstate.edu/kappler/Vol2/treaties/com0554.htm,
V0243,Operable,Potawatomi,Chippewa,Ottawa,,,,,,,,,,,,,,,,,,Agency near Council Bluffs and at Potawatomi Creek near the Osage River,IA,06-05-1846,195,http://digital.library.okstate.edu/kappler/Vol2/treaties/pot0557.htm,
V0244,Operable,Cherokees,,,,,,,,,,,,,,,,,,,,Washington DC,DC,08-06-1846,195,http://digital.library.okstate.edu/kappler/Vol2/treaties/che0561.htm,
V0245,Operable,Winnebago,,,,,,,,,,,,,,,,,,,,Washington DC,DC,10-13-1846,195,http://digital.library.okstate.edu/kappler/Vol2/treaties/win0565.htm,
V0246,Operable,Chippewa of the Mississippi and Lake Superior,,,,,,,,,,,,,,,,,,,,Fond du Lac of Lake Superior,WI,08-02-1847,195,http://digital.library.okstate.edu/kappler/Vol2/treaties/chi0567.htm,
V0247,Operable,Chippewa,,,,,,,,,,,,,Pillager,,,,,,,Leech Lake,WI,08-21-1847,195,http://digital.library.okstate.edu/kappler/Vol2/treaties/pil0569.htm,
V0248,Operable,Chawi Pawnee,Skiri Pawnee,Kitkahahki Pawnee,Pitahawirata Pawnee,,,,,,,,,,,,,,,,,Fort Childs,NE,08-06-1848,195,http://digital.library.okstate.edu/kappler/Vol2/treaties/paw0571.htm,
V0249,Operable,Menominee,,,,,,,,,,,,,,,,,,,,Lake Powawhaykonnay,WI,10-18-1848,195,http://digital.library.okstate.edu/kappler/Vol2/treaties/men0572.htm,
V0250,Operable,Stockbridge ,,,,,,,,,,,,,,,,,,,,Stockbridge,WI,11-24-1848,195,http://digital.library.okstate.edu/kappler/Vol2/treaties/sto0574.htm,
V0251,Operable,Navajo,,,,,,,,,,,,,,,,,,,,Canyon de Chelly,NM,09-09-1849,195,http://digital.library.okstate.edu/kappler/Vol2/treaties/nav0583.htm,
V0252,Operable,Ute,,,,,,,,,,,,,,,,,,,,Abiquiu,NM,12-30-1849,195,http://digital.library.okstate.edu/kappler/Vol2/treaties/uta0585.htm,
V0253,Operable,Wyandot,,,,,,,,,,,,,,,,,,,,Washington DC,DC,04-01-1850,195,http://digital.library.okstate.edu/kappler/Vol2/treaties/wya0587.htm,
V0254,Operable,Sisseton Sioux,Wahpeton Sioux,,,,,,,,,,,,,,,,,,,Traverse des Sioux,MN,07-23-1851,195,http://digital.library.okstate.edu/kappler/Vol2/treaties/sio0588.htm,
V0255,Operable,Mdewakanton Sioux,Wahpekute Sioux,,,,,,,,,,,,,,,,,,,Mendota,MN,08-05-1851,195,http://digital.library.okstate.edu/kappler/Vol2/treaties/sio0591.htm,
V0256,Operable,Sioux ,Crow ,Mandan ,Arikara,Cheyenne,Arapaho,Gros Ventre,Assiniboine,,,,,,,,,,,,,Fort Laramie,WY,09-17-1851,196,http://digital.library.okstate.edu/kappler/Vol2/treaties/sio0594.htm,
V0257,Operable,Chickasaw,,,,,,,,,,,,,,,,,,,,Washington DC,DC,06-22-1852,196,http://digital.library.okstate.edu/kappler/Vol2/treaties/chi0596.htm,
V0258,Operable,Apache,,,,,,,,,,,,,,,,,,,,Santa Fe,NM,07-01-1852,196,http://digital.library.okstate.edu/kappler/Vol2/treaties/apa0598.htm,
V0259,Operable,Comanche,Kiowa ,Apache,,,,,,,,,,,,,,,,,,Fort Atkinson,OK,07-27-1853,196,http://digital.library.okstate.edu/kappler/Vol2/treaties/com0600.htm,
V0260,Operable,Rogue River,,,,,,,,,,,,,,,,,,,,Table Rock near Rogue River,OR,09-10-1853,196,http://digital.library.okstate.edu/kappler/Vol2/treaties/rog0603.htm,
V0261,Operable,Umpqua: Cow Creek Band,,,,,,,,,,,,,,,,,,,,"Cow Creek, Umpqua Valley",OR,09-19-1853,196,http://digital.library.okstate.edu/kappler/Vol2/treaties/ump0606.htm,
V0262,Operable,Oto,Missouria,,,,,,,,,,,,,,,,,,,Washington DC,DC,03-15-1854,196,http://digital.library.okstate.edu/kappler/Vol2/treaties/oto0608.htm,
V0263,Operable,Omaha,,,,,,,,,,,,,,,,,,,,Washington DC,DC,03-16-1854,196,http://digital.library.okstate.edu/kappler/Vol2/treaties/oma0611.htm,
V0264,Operable,Delaware,,,,,,,,,,,,,,,,,,,,Washington DC,DC,05-06-1854,196,http://digital.library.okstate.edu/kappler/Vol2/treaties/del0614.htm,
V0265,Operable,Shawnee,,,,,,,,,,,,,,,,,,,,Washington DC,DC,05-10-1854,196,http://digital.library.okstate.edu/kappler/Vol2/treaties/sha0618.htm,
V0267,Operable,Menominee,,,,,,,,,,,,,,,,,,,,Falls of Wolf River,WI,05-12-1854,196,http://digital.library.okstate.edu/kappler/Vol2/treaties/men0626.htm,
V0268,Operable,Iowa,,,,,,,,,,,,,,,,,,,,Washington DC,DC,05-17-1854,196,http://digital.library.okstate.edu/kappler/Vol2/treaties/iow0628.htm,
V0269,Operable,Sauk of Missouri,Fox of the Missouri,,,,,,,,,,,,,,,,,,,Washington DC,DC,05-18-1854,196,http://digital.library.okstate.edu/kappler/Vol2/treaties/sau0631.htm,
V0270,Operable,Kickapoo,,,,,,,,,,,,,,,,,,,,Washington DC,DC,05-18-1854,196,http://digital.library.okstate.edu/kappler/Vol2/treaties/kic0634.htm,
V0271,Operable,Kaskaskia,Peoria,Piankeshaw,,,,,,,,,,,,,,,,,,Washington DC,DC,05-30-1854,196,http://digital.library.okstate.edu/kappler/Vol2/treaties/kas0636.htm,
V0272,Operable,Miami,,,,,,,,,,,,,,,,,,,,Washington DC,DC,06-05-1854,196,http://digital.library.okstate.edu/kappler/Vol2/treaties/mia0641.htm,
V0273,Operable,Chippewa of the Mississippi and Lake Superior,,,,,,,,,,,,,,,,,,,,La Pointe,WI,09-30-1854,196,http://digital.library.okstate.edu/kappler/Vol2/treaties/chi0648.htm,
V0274,Operable,Choctaw,Chickasaw,,,,,,,,,,,,,,,,,,,"Doaksville, Choctaw Country",OK,11-04-1854,196,http://digital.library.okstate.edu/kappler/Vol2/treaties/cho0652.htm,
V0275,Operable,Rogue River,,,,,,,,,,,,,,,,,,,,Table Rock Reserve,OR,11-15-1854,197,http://digital.library.okstate.edu/kappler/Vol2/treaties/rog0654.htm,
V0276,Operable,Chasta,Scoton,Grave Creek band of Umpqua,,,,,,,,,,,,,,,,,,Applegate Creek and Rogue River,OR,11-18-1854,197,http://digital.library.okstate.edu/kappler/Vol2/treaties/cha0655.htm,
V0277,Operable,Umpqua,Kalapuya,,,,,,,,,,,,,,,,,,,"Calapooia Cr, Douglas County",OR,11-29-1854,197,http://digital.library.okstate.edu/kappler/Vol2/treaties/ump0657.htm,
V0278,Operable,Oto,Missouria,,,,,,,,,,,,,,,,,,,Nebraska City,NE,12-09-1854,197,http://digital.library.okstate.edu/kappler/Vol2/treaties/con0660.htm,
V0279,Operable,Nisqually,Puyallup,Steilacoom,Squaxin S'Homamish,Stehchass,Tapeeksin,Squiatil,Sahewamish,,,,,,,,,,,,,Medicine Creek,WA,12-26-1854,197,http://digital.library.okstate.edu/kappler/Vol2/treaties/nis0661.htm,
V0280,Operable,Kalapuya,,,,,,,,,,,,,,,,,,,,Dayton,OR,01-22-1855,197,http://digital.library.okstate.edu/kappler/Vol2/treaties/kal0665.htm,
V0281,Operable,Duwamish,Suquamish,,,,,,,,,,,,,,,,,,,Point Elliot,WA,01-22-1855,197,http://digital.library.okstate.edu/kappler/Vol2/treaties/dwa0669.htm,
V0282,Operable,Clallam,Twana,Chemakum,,,,,,,,,,,,,,,,,,Point No Point,WA,01-26-1855,197,http://digital.library.okstate.edu/kappler/Vol2/treaties/skl0674.htm,
V0283,Operable,Wyandot,,,,,,,,,,,,,,,,,,,,Washington DC,DC,01-31-1855,197,http://digital.library.okstate.edu/kappler/Vol2/treaties/wya0677.htm,
V0284,Operable,Makah,,,,,,,,,,,,,,,,,,,,Neah Bay,WA,01-31-1855,197,http://digital.library.okstate.edu/kappler/Vol2/treaties/mak0682.htm,
V0285,Operable,Chippewa,,,,,,,,,,,,,Mississippi,Pillager,Lake Winibigoshish,,,,,Washington DC,DC,02-22-1855,197,http://digital.library.okstate.edu/kappler/Vol2/treaties/chi0685.htm,
V0286,Operable,Winnebago,,,,,,,,,,,,,,,,,,,,Washington DC,DC,02-27-1855,197,http://digital.library.okstate.edu/kappler/Vol2/treaties/win0690.htm,
V0287,Operable,Walla Walla,Cayuse,Umatilla,,,,,,,,,,,,,,,,,,"Camp Stevens, Walla Walla Valley",WA,06-09-1855,197,http://digital.library.okstate.edu/kappler/Vol2/treaties/wal0694.htm,
V0288,Operable,Yakima,,,,,,,,,,,,,Camp Stevens,,,,,,,"Camp Stevens, Walla Walla Valley",WA,06-09-1855,197,http://digital.library.okstate.edu/kappler/Vol2/treaties/yak0698.htm,
V0289,Operable,Nez Perce,,,,,,,,,,,,,,,,,,,,"Camp Stevens, Walla Walla Valley",WA,06-11-1855,197,http://digital.library.okstate.edu/kappler/Vol2/treaties/nez0702.htm,
V0290,Operable,Choctaw,Chickasaw,,,,,,,,,,,,,,,,,,,Washington DC,DC,06-22-1855,197,http://digital.library.okstate.edu/kappler/Vol2/treaties/cho0706.htm,
V0291,Operable,Walla Walla,Wasco,,,,,,,,,,,,,,,,,,,"Wasco, near the Dalles",OR,06-25-1855,197,http://digital.library.okstate.edu/kappler/Vol2/treaties/tri0714.htm,
V0292,Operable,Quinault,Queets,Hoh,Quileute,,,,,,,,,,,,,,,,,"Quinault River, and at Olympia",WA,07-01-1855,197,http://digital.library.okstate.edu/kappler/Vol2/treaties/qui0719.htm,
V0293,Operable,Flathead,Kutenai,Upper Pend d'Oreilles,,,,,,,,,,,,,,,,,,"Hell Gate, Bitter Root Valley",WA,07-16-1855,198,http://digital.library.okstate.edu/kappler/Vol2/treaties/fla0722.htm,
V0294,Operable,Ottawa of Michigan ,Chippewa of Michigan,,,,,,,,,,,,,,,,,,,Detroit,MI,07-31-1855,198,http://digital.library.okstate.edu/kappler/Vol2/treaties/ott0725.htm,
V0295,Operable,Chippewa of Sault Ste Marie,,,,,,,,,,,,,,,,,,,,Detroit,MI,08-02-1855,198,http://digital.library.okstate.edu/kappler/Vol2/treaties/sau0732.htm,
V0296,Operable,"Chippewa of Saginaw, Swan Creek and Black River",,,,,,,,,,,,,,,,,,,,Detroit,MI,08-02-1855,198,http://digital.library.okstate.edu/kappler/Vol2/treaties/chi0733.htm,
V0297,Operable,Blackfeet,Piegan,Blood ,Gros Ventre,Flathead,Upper Pend d'Oreille,Kutenao,Nez Perce,,,,,,,,,,,,,Council Ground on Upper Missouri near mouth of Judith River,NE,10-17-1855,198,http://digital.library.okstate.edu/kappler/Vol2/treaties/bla0736.htm,
V0298,Operable,Molala,,,,,,,,,,,,,,,,,,,,Dayton,OR,12-21-1855,198,http://digital.library.okstate.edu/kappler/Vol2/treaties/mol0740.htm,
V0299,Operable,Stockbridge ,Munsee,,,,,,,,,,,,,,,,,,,Stockbridge,WI,02-05-1856,198,http://digital.library.okstate.edu/kappler/Vol2/treaties/sto0742.htm,
V0300,Operable,Menominee,,,,,,,,,,,,,,,,,,,,Keshena,WI,02-11-1856,198,http://digital.library.okstate.edu/kappler/Vol2/treaties/men0755.htm,
V0302,Operable,Creek,Seminole,,,,,,,,,,,,,,,,,,,Washington DC,DC,08-07-1856,198,http://digital.library.okstate.edu/kappler/Vol2/treaties/cre0756.htm,
V0303,Operable,Pawnee,,,,,,,,,,,,,,,,,,,,Table Creek,NE,09-24-1857,198,http://digital.library.okstate.edu/kappler/Vol2/treaties/paw0764.htm,
V0304,Operable,Tonawanda,Seneca,,,,,,,,,,,,,,,,,,,"Tonawanda Reserve, Genessee County",NY,11-05-1857,198,http://digital.library.okstate.edu/kappler/Vol2/treaties/sen0767.htm,
V0305,Operable,Ponca,,,,,,,,,,,,,,,,,,,,Washington DC,DC,03-12-1858,198,http://digital.library.okstate.edu/kappler/Vol2/treaties/pon0772.htm,
V0306,Operable,Yankton Sioux,,,,,,,,,,,,,,,,,,,,Washington DC,DC,04-19-1858,198,http://digital.library.okstate.edu/kappler/Vol2/treaties/yan0776.htm,
V0307,Operable,Mdewakanton Sioux,Wahpekute Sioux,,,,,,,,,,,,,,,,,,,Washington DC,DC,06-19-1858,198,http://digital.library.okstate.edu/kappler/Vol2/treaties/sio0781.htm,
V0308,Operable,Sisseton Sioux,Wahpeton Sioux,,,,,,,,,,,,,,,,,,,Washington DC,DC,06-19-1858,198,http://digital.library.okstate.edu/kappler/Vol2/treaties/sio0785.htm,
V0309,Operable,Winnebago,,,,,,,,,,,,,,,,,,,,Washington DC,DC,04-15-1859,198,http://digital.library.okstate.edu/kappler/Vol2/treaties/win0790.htm,
V0310,Operable,Swan Creek and Black River Chippewa,Munsee,,,,,,,,,,,,,,,,,,,Sauk and Fox Agency,KS,07-16-1859,198,http://digital.library.okstate.edu/kappler/Vol2/treaties/chi0792.htm,
V0311,Operable,Sauk and Fox of the Mississippi,,,,,,,,,,,,,,,,,,,,Sauk and Fox Agency,KS,10-01-1859,198,http://digital.library.okstate.edu/kappler/Vol2/treaties/sau0796.htm,
V0312,Operable,Kansa,,,,,,,,,,,,,,,,,,,,Kansas Agency,KS,10-05-1859,198,http://digital.library.okstate.edu/kappler/Vol2/treaties/kan0800.htm,
V0313,Operable,Arapaho of the Upper Arkansas River,Cheyenne of the Upper Arkansas River,,,,,,,,,,,,,,,,,,,Fort Wise,KS,02-18-1861,199,http://digital.library.okstate.edu/kappler/Vol2/treaties/ara0807.htm,
V0314,Operable,Iowa of the Missouri,Sauk and Fox of the Missouri,,,,,,,,,,,,,,,,,,,Great Nemaha Agency,NE,03-06-1861,199,http://digital.library.okstate.edu/kappler/Vol2/treaties/sau0811.htm,
V0315,Operable,Kansa,,,,,,,,,,,,,,,,,,,,Kansas Agency,KS,03-13-1862,199,http://digital.library.okstate.edu/kappler/Vol2/treaties/kan0829.htm,
V0316,Operable,United Ottawa in Kansas,,,,,,,,,,,,,,,,,,,,Washington DC,DC,06-24-1862,199,http://digital.library.okstate.edu/kappler/Vol2/treaties/ott0830.htm,
V0317,Operable,Chippewa of the Mississippi,,,,,,,,,,,,,Pillager,Lake Winibigoshish,,,,,,Washington DC,DC,03-11-1863,199,http://digital.library.okstate.edu/kappler/Vol2/treaties/chi0839.htm,
V0318,Operable,Nez Perce,,,,,,,,,,,,,,,,,,,,Lapwai Valley,WA,06-09-1863,199,http://digital.library.okstate.edu/kappler/Vol2/treaties/nez0843.htm,
V0319,Operable,Eastern Shoshone,,,,,,,,,,,,,,,,,,,,Fort Bridger,UT,07-02-1863,199,http://digital.library.okstate.edu/kappler/Vol2/treaties/sho0848.htm,
V0320,Operable,Shoshone,,,,,,,,,,,,,Northwestern,,,,,,,Box Elder,UT,07-30-1863,199,http://digital.library.okstate.edu/kappler/Vol2/treaties/sho0850.htm,
V0321,Operable,Western Shoshone,,,,,,,,,,,,,,,,,,,,Ruby Valley,NV,07-30-1863,199,http://digital.library.okstate.edu/kappler/Vol2/treaties/sho0851.htm,
V0322,Operable,Red Lake Chippewa,Pembina Chippewa,,,,,,,,,,,,,,,,,,,Old Crossing of Red Lake River,MN,10-02-1863,199,http://digital.library.okstate.edu/kappler/Vol2/treaties/chi0853.htm,
V0323,Operable,Tabaquache Ute,,,,,,,,,,,,,,,,,,,,"Tabaquache Agency, Conejos",CO,10-07-1863,199,http://digital.library.okstate.edu/kappler/Vol2/treaties/uta0856.htm,
V0324,Operable,Gosuite Shoshone,,,,,,,,,,,,,,,,,,,,Tuilla Valley,UT,10-12-1863,199,http://digital.library.okstate.edu/kappler/Vol2/treaties/sho0859.htm,
V0325,Operable,Red Lake Chippewa,Pembina Chippewa,,,,,,,,,,,,,,,,,,,Washington DC,DC,04-12-1864,199,http://digital.library.okstate.edu/kappler/Vol2/treaties/chi0861.htm,
V0326,Operable,Chippewa of the Mississippi,,,,,,,,,,,,,Pillager,Lake Winibigoshish,,,,,,Washington DC,DC,05-07-1864,199,http://digital.library.okstate.edu/kappler/Vol2/treaties/chi0862.htm,
V0328,Operable,Northern Paiute,,,,,,,,,,,,,Klamath,Modoc,Yahuskin,,,,,Klamath Lake,OR,10-14-1864,199,http://digital.library.okstate.edu/kappler/Vol2/treaties/kla0865.htm,
V0329,Operable,Saginaw Chippewa,Swan Creek Chippewa,Black River Chippewa,,,,,,,,,,,,,,,,,,Isabella,MI,10-18-1864,199,http://digital.library.okstate.edu/kappler/Vol2/treaties/chi0868.htm,
V0330,Operable,Omaha,,,,,,,,,,,,,,,,,,,,Washington DC,DC,03-06-1865,199,http://digital.library.okstate.edu/kappler/Vol2/treaties/oma0872.htm,
V0331,Operable,Winnebago,,,,,,,,,,,,,,,,,,,,Washington DC,DC,03-08-1865,199,http://digital.library.okstate.edu/kappler/Vol2/treaties/win0874.htm,
V0332,Operable,Ponca,,,,,,,,,,,,,,,,,,,,Washington DC,DC,03-10-1865,199,http://digital.library.okstate.edu/kappler/Vol2/treaties/pon0875.htm,
V0333,Operable,Northern Paiute,,,,,,,,,,,,,Walpapi,,,,,,,Sprague River Valley,OR,08-12-1865,200,http://digital.library.okstate.edu/kappler/Vol2/treaties/sna0876.htm,
V0334,Operable,Great Osage,Little Osage,,,,,,,,,,,,,,,,,,,"Canville Trading Post, Osage Nation",KS,09-29-1865,200,http://digital.library.okstate.edu/kappler/Vol2/treaties/osa0878.htm,
V0335,Operable,Sioux,,,,,,,,,,,,,Miniconjou ,,,,,,,Fort Sully,SD,10-10-1865,200,http://digital.library.okstate.edu/kappler/Vol2/treaties/sio0883.htm,
V0336,Operable,Sioux,,,,,,,,,,,,,Lower Brule,,,,,,,Fort Sully,SD,10-14-1865,200,http://digital.library.okstate.edu/kappler/Vol2/treaties/sio0885.htm,
V0337,Operable,Cheyenne,Arapaho,,,,,,,,,,,,,,,,,,,Little Arkansas River,KS,10-14-1865,200,http://digital.library.okstate.edu/kappler/Vol2/treaties/che0887.htm,
V0338,Operable,Apache,Cheyenne,Arapaho,,,,,,,,,,,,,,,,,,Little Arkansas River,KS,10-17-1865,200,http://digital.library.okstate.edu/kappler/Vol2/treaties/apa0891.htm,
V0339,Operable,Kiowa,Comanche,,,,,,,,,,,,,,,,,,,Little Arkansas River,KS,10-18-1865,200,http://digital.library.okstate.edu/kappler/Vol2/treaties/com0892.htm,
V0340,Operable,Sioux,,,,,,,,,,,,,Two Kettles,,,,,,,Fort Sully,SD,10-19-1865,200,http://digital.library.okstate.edu/kappler/Vol2/treaties/sio0896.htm,
V0341,Operable,Blackfeet Sioux,,,,,,,,,,,,,,,,,,,,Fort Sully,SD,10-19-1865,200,http://digital.library.okstate.edu/kappler/Vol2/treaties/bla0898.htm,
V0342,Operable,Sioux,,,,,,,,,,,,,Sans Arc,,,,,,,Fort Sully,SD,10-20-1865,200,http://digital.library.okstate.edu/kappler/Vol2/treaties/sio0899.htm,
V0343,Operable,Sioux,,,,,,,,,,,,,Hunkpapa,,,,,,,Fort Sully,SD,10-20-1865,200,http://digital.library.okstate.edu/kappler/Vol2/treaties/sio0901.htm,
V0344,Operable,Sioux,,,,,,,,,,,,,Yanktonais,,,,,,,Fort Sully,SD,10-20-1865,200,http://digital.library.okstate.edu/kappler/Vol2/treaties/sio0905.htm,
V0345,Operable,Sioux,,,,,,,,,,,,,Upper Yanktonais,,,,,,,Fort Sully,SD,10-28-1865,200,http://digital.library.okstate.edu/kappler/Vol2/treaties/sio0905.htm,
V0346,Operable,Sioux,,,,,,,,,,,,,Oglala,,,,,,,Fort Sully,SD,10-28-1865,200,http://digital.library.okstate.edu/kappler/Vol2/treaties/sio0906.htm,
V0347,Operable,Confederated Tribes of Middle Oregon,,,,,,,,,,,,,,,,,,,,Warm Springs Agency,OR,11-15-1866,200,http://digital.library.okstate.edu/kappler/Vol2/treaties/mid0908.htm,
V0348,Operable,Seminole,,,,,,,,,,,,,,,,,,,,Washington DC,DC,03-21-1866,200,http://digital.library.okstate.edu/kappler/Vol2/treaties/sem0910.htm,
V0349,Operable,Potawatomi,,,,,,,,,,,,,,,,,,,,Washington DC,DC,03-29-1866,200,http://digital.library.okstate.edu/kappler/Vol2/treaties/pot0916.htm,
V0350,Operable,Chippewa,,,,,,,,,,,,,Bois Fort,,,,,,,Washington DC,DC,04-07-1866,200,http://digital.library.okstate.edu/kappler/Vol2/treaties/chi0916.htm,
V0351,Operable,Choctaw,Chickasaw,,,,,,,,,,,,,,,,,,,Washington DC,DC,04-28-1866,200,http://digital.library.okstate.edu/kappler/Vol2/treaties/cho0918.htm,
V0352,Operable,Creek,,,,,,,,,,,,,,,,,,,,Washington DC,DC,06-14-1866,200,http://digital.library.okstate.edu/kappler/Vol2/treaties/cre0931.htm,
V0353,Operable,Delaware,,,,,,,,,,,,,,,,,,,,Delaware Agency,KS,07-04-1866,200,http://digital.library.okstate.edu/kappler/Vol2/treaties/del0937.htm,
V0354,Operable,Cherokee,,,,,,,,,,,,,,,,,,,,Washington DC,DC,07-17-1866,200,http://digital.library.okstate.edu/kappler/Vol2/treaties/che0942.htm,
V0355,Operable,Sauk of the Mississippi,Fox of the Mississippi,,,,,,,,,,,,,,,,,,,Washington DC,DC,02-18-1867,201,http://digital.library.okstate.edu/kappler/Vol2/treaties/sau0951.htm,
V0356,Operable,Sisseton Sioux,Wahpeton Sioux,,,,,,,,,,,,,,,,,,,Washington DC,DC,02-19-1867,201,http://digital.library.okstate.edu/kappler/Vol2/treaties/sio0956.htm,
V0357,Operable,Seneca,Quapaw,Peoria,Kaskaskia,Wea,Piankeshaw,Miami,Ottawa of Blanchard's Fork,Roche de Bouef,Wyandot,,,,,,,,,,,Washington DC,DC,02-23-1867,201,http://digital.library.okstate.edu/kappler/Vol2/treaties/sen0960.htm,
V0358,Operable,Potawatomi,,,,,,,,,,,,,,,,,,,,Washington DC,DC,02-27-1867,201,http://digital.library.okstate.edu/kappler/Vol2/treaties/pot0970.htm,
V0359,Operable,Chippewa of the Mississippi,,,,,,,,,,,,,,,,,,,,Washington DC,DC,03-19-1867,201,http://digital.library.okstate.edu/kappler/Vol2/treaties/chi0974.htm,
V0360,Operable,Kiowa,Comanche,,,,,,,,,,,,,,,,,,,Medicine Lodge Creek,KS,10-21-1867,201,http://digital.library.okstate.edu/kappler/Vol2/treaties/kio0977.htm,
V0361,Operable,Kiowa,Comanche,Apache,,,,,,,,,,,,,,,,,,Medicine Lodge Creek,KS,10-21-1867,201,http://digital.library.okstate.edu/kappler/Vol2/treaties/kio0982.htm,
V0362,Operable,Cheyenne,Arapaho,,,,,,,,,,,,,,,,,,,Medicine Lodge Creek,KS,10-28-1867,201,http://digital.library.okstate.edu/kappler/Vol2/treaties/che0984.htm,
V0363,Operable,Ute,,,,,,,,,,,,,,,,,,,,Washington DC,DC,03-02-1868,201,http://digital.library.okstate.edu/kappler/Vol2/treaties/ute0990.htm,
V0364,Operable,Cherokee,,,,,,,,,,,,,,,,,,,,Washington DC,DC,04-27-1868,201,http://digital.library.okstate.edu/kappler/Vol2/treaties/che0996.htm,
V0365,Operable,Sioux,,,,,,,,,,,,,,,,,,,,Fort Laramie,SD,04-29-1868,201,http://digital.library.okstate.edu/kappler/Vol2/treaties/sio0998.htm,
V0366,Operable,Crow,,,,,,,,,,,,,,,,,,,,Fort Laramie,SD,05-07-1868,201,http://digital.library.okstate.edu/kappler/Vol2/treaties/cro1008.htm,
V0367,Operable,Northern Cheyenne,Northern Arapaho,,,,,,,,,,,,,,,,,,,Fort Laramie,SD,05-10-1868,201,http://digital.library.okstate.edu/kappler/Vol2/treaties/nor1012.htm,
V0368,Operable,Navajo,,,,,,,,,,,,,,,,,,,,Fort Sumner,NM,06-01-1868,201,http://digital.library.okstate.edu/kappler/Vol2/treaties/nav1015.htm,
V0369,Operable,Shoshone,Bannock,,,,,,,,,,,,Eastern Band,,,,,,,Fort Bridger,UT,07-03-1868,201,http://digital.library.okstate.edu/kappler/Vol2/treaties/sho1020.htm,
V0370,Operable,Nez Perce,,,,,,,,,,,,,,,,,,,,Washington DC,DC,08-13-1868,201,http://digital.library.okstate.edu/kappler/Vol2/treaties/nez1024.htm,
A0001,Ratified Agreement,Sisseton Sioux,Wahpeton Sioux,Cuthead Sioux,,,,,,,,,,,,,,,,,,"Sisseton Agency, Lac Traverse Res",SD,05-19-1873,250,http://digital.library.okstate.edu/kappler/Vol2/treaties/sio1059.htm,
A0002,Ratified Agreement,Ute,,,,,,,,,,,,,Tabequache,Muache,Capote,Weeimnuche,Yampa,Grand River,,Los Pinos Agency,CO,09-13-1873,250,http://digital.library.okstate.edu/kappler/Vol1/HTML_files/SES0151.html,
A0003,Ratified Agreement,Eastern Shawnee,,,,,,,,,,,,,,,,,,,,Quapaw Agency,OK,06-23-1874,250,http://digital.library.okstate.edu/kappler/Vol1/HTML_files/SES0157.html#ch132g,
A0004,Ratified Agreement,Sioux,Arapaho,Northern Cheyenne,,,,,,,,,,,,,,,,,,Sioux Agencies,NE,09-23-1876,250,http://digital.library.okstate.edu/kappler/Vol1/HTML_files/SES0168.html,
A0005,Ratified Agreement,Ute,,,,,,,,,,,,,Capote,Muache,Weeminuche,,,,,Pagoa Springs,CO,11-09-1878,250,NA,
A0006,Ratified Agreement,Ute,,,,,,,,,,,,,,,,,,,,Washington DC,DC,03-06-1880,250,http://digital.library.okstate.edu/kappler/Vol1/HTML_files/SES0180.html#mar10,
A0007,Ratified Agreement,Crow,,,,,,,,,,,,,,,,,,,,Crow Agency,MT,06-12-1880,250,http://digital.library.okstate.edu/kappler/Vol1/HTML_files/SES0195.html,
A0008,Ratified Agreement,Creek,,,,,,,,,,,,,,,,,,,,Washington DC,DC,03-06-1880,250,NA,
A0009,Ratified Agreement,Pine Ridge Sioux,Rosebud Sioux,Standing Rock Sioux,,,,,,,,,,,,,,,,,,Washington DC,DC,08-20-1881,250,NA,
A0010,Ratified Agreement,Columbia,Colville,,,,,,,,,,,,,,,,,,,Washington DC,DC,07-27-1883,250,http://digital.library.okstate.edu/kappler/Vol2/treaties/col1073.htm,
A0011,Ratified Agreement,Arikara,Hidatsa,Mandan ,,,,,,,,,,,,,,,,,,Fort Berthold Agency,SD,12-14-1886,250,http://digital.library.okstate.edu/kappler/Vol1/HTML_files/SES0407.html,
A0012,Ratified Agreement,Assiniboine,Blackfeet,Blood ,Gros Ventre,Piegan,Sioux,,,,,,,,,,,,,,,Fort Peck,MT,09-28-1886,251,http://digital.library.okstate.edu/kappler/Vol1/HTML_files/SES0261.html,
A0013,Ratified Agreement,Spokane,,,,,,,,,,,,,,,,,,,,Spokane Falls,WA,03-18-1887,251,http://digital.library.okstate.edu/kappler/Vol1/HTML_files/SES0446A.html,
A0014,Ratified Agreement,Coeur d'Alene,,,,,,,,,,,,,,,,,,,,De Smet Mission,ID,03-26-1887,251,http://digital.library.okstate.edu/kappler/Vol1/HTML_files/SES0407.html,
A0015,Ratified Agreement,Ute,,,,,,,,,,,,,,,,,,,,Rio de los Pinos Agency,CO,11-13-1888,251,NA,
A0016,Ratified Agreement,Creek,,,,,,,,,,,,,,,,,,,,Washington DC,DC,01-19-1889,251,http://digital.library.okstate.edu/kappler/Vol1/HTML_files/SES0321.html,
A0017,Ratified Agreement,Sioux,,,,,,,,,,,,,,,,,,,,NA,NA,03-02-1889,251,http://digital.library.okstate.edu/kappler/Vol1/HTML_files/SES0328.html,
A0018,Ratified Agreement,Coeur d'Alene,,,,,,,,,,,,,,,,,,,,De Smet Mission,ID,09-09-1889,251,http://digital.library.okstate.edu/kappler/Vol1/HTML_files/SES0407.html,
A0019,Ratified Agreement,Sisseton Sioux,Wahpeton Sioux,,,,,,,,,,,,,,,,,,,Sisseton Agency,SD,12-12-1889,251,http://digital.library.okstate.edu/kappler/Vol1/HTML_files/SES0407.html,
A0020,Ratified Agreement,Iowa,,,,,,,,,,,,,,,,,,,,Iowa Village,OK,05-20-1890,251,http://digital.library.okstate.edu/kappler/Vol1/HTML_files/SES0389.html#iart1,
A0021,Ratified Agreement,Sauk,Fox,,,,,,,,,,,,,,,,,,,Sac and Fox Agency,OK,06-12-1890,251,http://digital.library.okstate.edu/kappler/Vol1/HTML_files/SES0389.html,
A0022,Ratified Agreement,Citizen band of Potawatomi,,,,,,,,,,,,,,,,,,,,Shawneetown,OK,06-25-1890,251,http://digital.library.okstate.edu/kappler/Vol1/HTML_files/SES0407.html,
A0023,Ratified Agreement,Absentee Shawnee,,,,,,,,,,,,,,,,,,,,Shawneetown,OK,06-26-1890,251,http://digital.library.okstate.edu/kappler/Vol1/HTML_files/SES0407.html,
A0024,Ratified Agreement,Cheyenne,Arapaho,,,,,,,,,,,,,,,,,,,Darlington,OK,10-15-1890,251,http://digital.library.okstate.edu/kappler/Vol1/HTML_files/SES0407.html,
A0025,Ratified Agreement,Crow,,,,,,,,,,,,,,,,,,,,Crow Agency,MT,12-08-1890,251,http://digital.library.okstate.edu/kappler/Vol1/HTML_files/SES0407.html,
A0026,Ratified Agreement,Indians of Colville Reservation,,,,,,,,,,,,,,,,,,,,Nespelum and Marcus,WA,05-09-1891,251,NA,
A0027,Ratified Agreement,Wichita and affiliated bands,,,,,,,,,,,,,,,,,,,,Anadarko,OK,06-04-1891,251,http://digital.library.okstate.edu/kappler/Vol1/HTML_files/SES0559.html,
A0028,Ratified Agreement,Kickapoo,,,,,,,,,,,,,,,,,,,,Kickapoo Station and Oklahoma City,OK,06-21-1891,251,http://digital.library.okstate.edu/kappler/Vol1/HTML_files/SES0480.html,
A0029,Ratified Agreement,Tonkawa,,,,,,,,,,,,,,,,,,,,Ponca Agency,OK,10-21-1891,251,http://digital.library.okstate.edu/kappler/Vol1/HTML_files/SES0484A.html,
A0030,Ratified Agreement,Cherokee,,,,,,,,,,,,,,,,,,,,Tahlequah,OK,12-19-1891,251,NA,
A0031,Ratified Agreement,Crow,,,,,,,,,,,,,,,,,,,,Crow Agency,MT,08-27-1892,251,http://digital.library.okstate.edu/kappler/Vol1/HTML_files/SES0446A.html,
A0032,Ratified Agreement,Turtle Mountain Chippewa,,,,,,,,,,,,,,,,,,,,Belcourt,ND,10-02-1892,251,http://digital.library.okstate.edu/kappler/Vol3/HTML_files/SES0035A.html,
A0033,Ratified Agreement,Comanche,Kiowa ,Apache,,,,,,,,,,,,,,,,,,Fort Sill,OK,10-06-1892,251,http://digital.library.okstate.edu/kappler/Vol1/HTML_files/SES0704.html,
A0034,Ratified Agreement,Indians of Siletz Reservation,,,,,,,,,,,,,,,,,,,,Siletz Agency,OR,10-31-1892,251,http://digital.library.okstate.edu/kappler/Vol1/HTML_files/SES0520.html,
A0035,Ratified Agreement,Pawnee,,,,,,,,,,,,,,,,,,,,Pawnee Agency,OK,11-23-1892,251,http://digital.library.okstate.edu/kappler/Vol1/HTML_files/SES0484A.html,
A0036,Ratified Agreement,Yankton Sioux,,,,,,,,,,,,,,,,,,,,Yankton Agency,SD,12-31-1892,251,http://digital.library.okstate.edu/kappler/Vol1/HTML_files/SES0520.html,
A0037,Ratified Agreement,Nez Perce,,,,,,,,,,,,,,,,,,,,Nez Perce Agency,ID,05-01-1893,251,http://digital.library.okstate.edu/kappler/Vol1/HTML_files/SES0520.html,
A0038,Ratified Agreement,Yuma,,,,,,,,,,,,,,,,,,,,Fort Yuma ,CA,12-04-1893,251,http://digital.library.okstate.edu/kappler/Vol1/HTML_files/SES0520.html,
A0039,Ratified Agreement,Yakima,,,,,,,,,,,,,,,,,,,,Fort Simcoe,WA,01-08-1894,251,http://digital.library.okstate.edu/kappler/Vol1/HTML_files/SES0520.html,
A0040,Ratified Agreement,Coeur d'Alene,,,,,,,,,,,,,,,,,,,,De Smet Mission,ID,02-07-1894,251,http://digital.library.okstate.edu/kappler/Vol1/HTML_files/SES0520.html,
A0041,Ratified Agreement,Blackfeet,,,,,,,,,,,,,,,,,,,,Blackfeet Agency,MT,09-26-1895,251,http://digital.library.okstate.edu/kappler/Vol1/HTML_files/SES0597.html,
A0042,Ratified Agreement,Assiniboine,Gros Ventre,,,,,,,,,,,,,,,,,,,Fort Belknap Agency,MT,10-09-1895,251,http://digital.library.okstate.edu/kappler/Vol1/HTML_files/SES0597.html,
A0043,Ratified Agreement,Apache,Mohave,Yuma ,,,,,,,,,,,,,,,,,,San Carlos Agency,AZ,02-25-1896,251,http://digital.library.okstate.edu/kappler/Vol1/HTML_files/SES0597.html,
A0044,Ratified Agreement,Shoshone,Arapaho,,,,,,,,,,,,,,,,,,,Shoshone Agency,WY,04-21-1896,251,http://digital.library.okstate.edu/kappler/Vol1/HTML_files/SES0619A.html,
A0045,Ratified Agreement,Choctaw,Chickasaw,,,,,,,,,,,,,,,,,,,Atoka,OK,04-23-1897,251,http://digital.library.okstate.edu/kappler/Vol1/HTML_files/SES0646.html,
A0046,Ratified Agreement,Creek,,,,,,,,,,,,,,,,,,,,Muskogee,OK,09-27-1897,251,http://digital.library.okstate.edu/kappler/Vol1/HTML_files/SES0646.html,
A0047,Ratified Agreement,Seminole,,,,,,,,,,,,,,,,,,,,Muskogee,OK,12-16-1897,251,http://digital.library.okstate.edu/kappler/Vol1/HTML_files/SES0662.html,
A0048,Ratified Agreement,Shoshone,Bannock,,,,,,,,,,,,,,,,,,,Fort Hall Agency,ID,02-05-1898,251,http://digital.library.okstate.edu/kappler/Vol1/HTML_files/SES0704.html,
A0049,Ratified Agreement,Lower Brule Sioux,,,,,,,,,,,,,,,,,,,,Lower Brule Agency,SD,03-01-1898,251,http://digital.library.okstate.edu/kappler/Vol1/HTML_files/SES0688.html,
A0050,Ratified Agreement,Rosebud Sioux,,,,,,,,,,,,,,,,,,,,Rosebud Agency,SD,03-10-1898,251,http://digital.library.okstate.edu/kappler/Vol1/HTML_files/SES0688.html,
A0051,Ratified Agreement,Crow,,,,,,,,,,,,,,,,,,,,Crow Agency,MT,06-23-1899,252,NA,
A0052,Ratified Agreement,Crow,,,,,,,,,,,,,,,,,,,,Crow Agency,MT,08-14-1899,252,http://digital.library.okstate.edu/kappler/Vol3/HTML_files/SES0087.html,
A0053,Ratified Agreement,Seminole,,,,,,,,,,,,,,,,,,,,Muskogee,OK,10-07-1899,252,http://digital.library.okstate.edu/kappler/Vol1/HTML_files/SES0702.html,
A0054,Ratified Agreement,Otoe,Missouria,,,,,,,,,,,,,,,,,,,Otoe Subagency,OK,11-20-1899,252,NA,
A0055,Ratified Agreement,Creek,,,,,,,,,,,,,,,,,,,,Washington DC,DC,3/8/1900,252,http://digital.library.okstate.edu/kappler/Vol1/HTML_files/SES0729.html,
A0056,Ratified Agreement,Stockbridge ,Munsee,,,,,,,,,,,,,,,,,,,"Stockbridge and Munsee Reservation, Shawno County",WI,12/8/1900,252,NA,
A0057,Ratified Agreement,Snake,,,,,,,,,,,,,Klamath,Modoc,Yahooskin,,,,,Klamath Agency,OK,6/17/1901,252,http://digital.library.okstate.edu/kappler/Vol3/HTML_files/SES0193.html,
A0058,Ratified Agreement,Indians of Grande Ronde Reservation,,,,,,,,,,,,,,,,,,,,Grande Ronde Agency,OR,6/27/1901,252,http://digital.library.okstate.edu/kappler/Vol3/HTML_files/SES0105.html,
A0059,Ratified Agreement,Rosebud Sioux,,,,,,,,,,,,,,,,,,,,Rosebud Agency,SD,9/14/1901,252,http://digital.library.okstate.edu/kappler/Vol3/HTML_files/SES0071.html,
A0060,Ratified Agreement,Devils Lake Sioux,,,,,,,,,,,,,,,,,,,,Fort Totten,ND,11/2/1901,252,http://digital.library.okstate.edu/kappler/Vol3/HTML_files/SES0083.html,
A0061,Ratified Agreement,Red Lake Chippewa,Pembina Chippewa,,,,,,,,,,,,,,,,,,,Red Lake Agency,MN,3/10/1902,252,http://digital.library.okstate.edu/kappler/Vol3/HTML_files/SES0028A.html,
A0062,Ratified Agreement,Choctaw,Chickasaw,,,,,,,,,,,,,,,,,,,Washington DC,DC,3/21/1902,252,http://digital.library.okstate.edu/kappler/Vol1/HTML_files/SES0771.html,
A0063,Ratified Agreement,Arikara,Hidatsa,Mandan ,,,,,,,,,,,,,,,,,,"Fort Berthold Agency, Elbowoods",ND,6/25/1902,252,NA,
A0064,Ratified Agreement,Cherokee,,,,,,,,,,,,,,,,,,,,NA,NA,7/1/1902,252,http://digital.library.okstate.edu/kappler/Vol1/HTML_files/SES0787.html,
A0065,Ratified Agreement,Creek,,,,,,,,,,,,,,,,,,,,NA,NA,7/26/1902,252,http://digital.library.okstate.edu/kappler/Vol1/HTML_files/SES0761.html,
A0066,Ratified Agreement,Shoshone,Arapaho,,,,,,,,,,,,,,,,,,,Shoshone Agency,WY,4/21/1904,252,http://digital.library.okstate.edu/kappler/Vol3/HTML_files/SES0117.html,
A0067,Ratified Agreement,Indians of Port Madison Reservation,,,,,,,,,,,,,,,,,,,,"Port Madison Subagency, Kitsap County",WA,5/28/1904,252,NA,
A0068,Ratified Agreement,Indians of Colville Reservation,,,,,,,,,,,,,,,,,,,,"Colville Agency, Miles",WA,12/1/1905,252,NA,
A0069,Ratified Agreement,Umatilla,Walla Walla,Cayuse,,,,,,,,,,,,,,,,,,Umatilla Agency,OR,5/15/1906,252,NA,
A0070,Ratified Agreement,Walker River Paiute,,,,,,,,,,,,,,,,,,,,"Walker River Agency, Schurz",NV,7/20/1906,252,NA,
A0071,Ratified Agreement,Rosebud Sioux,,,,,,,,,,,,,,,,,,,,Rosebud Agency,SD,1/21/1907,252,NA,
A0072,Ratified Agreement,Oneida in Wisconsin,,,,,,,,,,,,,,,,,,,,"Parish Hall, Oneida",WI,1/4/1909,252,NA,
A0073,Ratified Agreement,Sauk in Oklahoma,Fox in Oklahoma,,,,,,,,,,,,,,,,,,,Sac and Fox Agency,OK,2/27/1909,252,NA,
A0074,Ratified Agreement,Potawatomi in Kansas and Wisconsin,,,,,,,,,,,,,,,,,,,,Arpin,WI,3/16/1909,252,NA,
A0075,Ratified Agreement,Sauk in Iowa,Fox in Iowa,,,,,,,,,,,,,,,,,,,Sac and Fox Agency,IA,5/28/1909,252,NA,
A0076,Ratified Agreement,Pawnee,,,,,,,,,,,,,,,,,,,,Pawnee Agency,OK,8/31/1909,252,NA,
A0077,Ratified Agreement,Southern Ute,,,,,,,,,,,,,Wiminuche,,,,,,,Navajo Springs,CO,5/10/1911,252,http://digital.library.okstate.edu/kappler/Vol3/HTML_files/SES0561A.html,
R0001,Rejected by Congress,Wabash,Illinois,,,,,,,,,,,,,,,,,,,"Vincennes, Northwest Territory",IN,09-27-1792,749,NA,
R0002,Rejected by Congress,Creek,,,,,,,,,,,,,,,,,,,,Near Flint River,GA,11-03-1804,750,NA,
R0003,Rejected by Congress,Chickasaw,,,,,,,,,,,,,,,,,,,,Franklin,TN,08-31-1830,752,http://www.accessgenealogy.com/scripts/data/database.cgi?file=Data&report=SingleArticle&ArticleID=0040165,
R0004,Rejected by Congress,Potawatomi,,,,,,,,,,,,,Nees-waugh-gee ,Quash-qua,,,,,,Lake Mase-ee-nic-kuc-kee,IN,12-04-1834,756,NA,
R0005,Rejected by Congress,Potawatomi,,,,,,,,,,,,,Pe-pin-a-waw,Me-no-mi-nie,No-taw-kah,Mac-kah-tah-mo-ah,,,,Near Yellow River,IN,12-05-1834,757,NA,
R0006,Rejected by Congress,Potawatomi,,,,,,,,,,,,,Kim-koash,Me-no-quet,,,,,,Turkey Creek Prarie,IN,12-05-1834,759,NA,
R0007,Rejected by Congress,Potawatomi,,,,,,,,,,,,,Aub-be-naub-bee,,,,,,,Tippecanoe River,IN,12-07-1834,760,NA,
R0008,Rejected by Congress,Potawatomi,,,,,,,,,,,,,Che-kase,,,,,,,Turkey Creek Prarie,IN,12-13-1834,761,NA,
R0009,Rejected by Congress,Potawatomi,,,,,,,,,,,,,Mess-quaw-buck,,,,,,,Turkey Creek Prarie,IN,12-13-1834,762,NA,
R0010,Rejected by Congress,Potawatomi,,,,,,,,,,,,,Ash-kum,Was-she-o-nass,,,,,,"Indiana Agency, Logansport",IN,12-20-1834,763,NA,
R0011,Rejected by Congress,Potawatomi,,,,,,,,,,,,,Be-si-ah,,,,,,,"Indiana Agency, Logansport",IN,12-20-1834,764,NA,
R0012,Rejected by Congress,Potawatomi,,,,,,,,,,,,,O-kaw-wause,Kee-waw-nay,Nee-bosh,Ma-che-saw,,,,"Indiana Agency, Logansport",IN,12-20-1834,765,NA,
R0013,Rejected by Congress,Cherokee,,,,,,,,,,,,,,,,,,,,"Washington, DC",DC,03-14-1835,766,http://www.accessgenealogy.com/scripts/data/database.cgi?file=Data&report=SingleArticle&ArticleID=0040161,
R0014,Rejected by Congress,Chippewa,,,,,,,,,,,,,Saginaw,,,,,,,"Washington, DC",DC,05-24-1836,772,NA,
R0015,Rejected by Congress,New York Indians in Wisconsin ,,,,,,,,,,,,,,,,,,,,Duck Creek ,WI,09-16-1836,775,NA,
R0016,Rejected by Congress,Stockbridge,Munsee,,,,,,,,,,,,,,,,,,,Green Bay,WI,09-19-1836,779,NA,
R0017,Rejected by Congress,Shawnee,,,,,,,,,,,,,,,,,,,,Fort Leavenworth,KS,12-18-1839,781,NA,
R0018,Rejected by Congress,Sioux,,,,,,,,,,,,,Sisseton,Wahpeton,Wahpekute,,,,,Oeyoowarha,IA,07-31-1841,783,NA,
R0019,Rejected by Congress,Sioux,,,,,,,,,,,,,Mixed-bloods of Eastern Sioux,,,,,,,Oeyoowarha,IA,07-31-1841,787,NA,
R0020,Rejected by Congress,Sioux,,,,,,,,,,,,,Mdewakanton bands of Eastern Sioux,,,,,,,Mindota,IA,08-11-1841,790,NA,
R0021,Rejected by Congress,Sioux,,,,,,,,,,,,,Mixed-bloods of Eastern Sioux,,,,,,,Mindota,MN,10-09-1849,791,NA,
R0022,Rejected by Congress,Chippewa,,,,,,,,,,,,,Pembina,Red Lake,,,,,,Pembina,MN,09-20-1851,798,NA,
R0023,Rejected by Congress,Si-yan-te,Po-to-yun-te,Co-co-noon,Apang-as-se,Aplachee,A-wal-a-che,,,,,,,,,,,,,,,"Camp Fremont, near Little Mariposa River",CA,03-19-1851,801,http://digital.library.okstate.edu/kappler/Vol4/html_files/v4p1081.html,
R0024,Rejected by Congress,How-ech-ee,Chook-cha-nee,Chow-chil-lie,Po-ho-nee-chee,Nook-choo,Pit-cat-chee,Cas-son,Toom-na,Tallin-chee,Poskesa,Wa-Chaet,Itachee,Cho-e-nem-nee,,,,,Cho-ki-men-a,We-mal-chee,No-to-no-to,"Camp Barbour, on San Joaquin River",CA,04-29-1851,804,http://digital.library.okstate.edu/kappler/Vol4/html_files/v4p1085.html,
R0025,Rejected by Congress,Ta-ches,Cah-wai,Yo-kol,Ta-lum-ne,Wic-chum-ne,Hol-cu-ma,To-e-neche,Tu-huc-mach,In-im-peach,Choi-nuck,We-mil-ches,Mo-ton-toes,,,,,,,,,"Camp Belt, on King's River",CA,05-13-1851,808,http://digital.library.okstate.edu/kappler/Vol4/html_files/v4p1092.html,
R0026,Rejected by Congress,Ko-ya-te,Wo-la-si,Nu-chow-we,Wack-sa-che,Pal-wisha,Po-ken-welle,Ya-wil-chine,,,,,,,,,,,,,,"Camp Keyes, Cahwai River",CA,05-13-1851,810,http://digital.library.okstate.edu/kappler/Vol4/html_files/v4p1094.html,
R0027,Rejected by Congress,Iou-ol-umne,We-chilla,Su-caah,Co-toplanemis,Chap-pah-sims,Sage-wom-nes,,,,,,,,,,,,,,,"Dent and Vantine's Crossings, Stanislaus River",CA,05-28-1851,813,http://digital.library.okstate.edu/kappler/Vol4/html_files/v4p1096.html,
R0028,Rejected by Congress,Chu-nute,Wo-wol,Yo-lum-ne,Co-ye-tie,,,,,,,,,,,,,,,,,"Camp Burton, Pain Creek",CA,06-03-1851,815,http://digital.library.okstate.edu/kappler/Vol4/html_files/v4p1099.html,
R0029,Rejected by Congress,Castake,Texon,San Imirio,Uvas,Carises,Buena Vista,Sena-hu-ow,Holo-cla-me,Soho-nuts,To-ci-a,Hol-mi-uh,,,,,,,,,,"Camp Persifer F. Smith, Texon Pass",CA,06-10-1851,817,http://digital.library.okstate.edu/kappler/Vol4/html_files/v4p1101.html,
R0030,Rejected by Congress,Das-pia,Ya-ma-do,Yol-la-mer,Wai-de-pa-can,On-o-po-ma,Mon-e-da,Wan-muck,Nem-shaw,Bem-pi,Ya-cum-na,,,,,,,,,,,"Camp Union, near Yuba River",CA,07-18-1851,819,http://digital.library.okstate.edu/kappler/Vol4/html_files/v4p1103.html,
R0031,Rejected by Congress,Mi-chop-dia,Es-kuin,Ho-lo-lu-pi,To-to,Su-nus,Che-no,Bat-si,Yut-duc,Sim-sa-wa,,,,,,,,,,,,"Bidwell's Ranch, on Chico's Creek",CA,08-01-1851,821,http://digital.library.okstate.edu/kappler/Vol4/html_files/v4p1105.html,
R0032,Rejected by Congress,Noi-ma,Noe-ma,Y-lac-ca,No-me,Noi-me,,,,,,,,,,,,,,,,"Reading's Ranch, on Cotton Wood Creek",CA,08-16-1851,823,http://digital.library.okstate.edu/kappler/Vol4/html_files/v4p1107.html,
R0033,Rejected by Congress,Ca-la-na-po,Ha-bi-na-po,Da-no-ha-bo,Mo-al-kai,Che-com,How-ku-ma,Cha-nel-kai,Me-dam-a-dec,,,,,,,,,,,,,"Camp Lu-pi-yu-ma, at Clear Lake",CA,08-20-1851,825,http://digital.library.okstate.edu/kappler/Vol4/html_files/v4p1108.html,
R0034,Rejected by Congress,Sai-nell,Yu-ki-as,Mas-su-ta-ka-ya,Po-mo,,,,,,,,,,,,,,,,,"Camp Fernando Feliz, on Russian River",CA,08-22-1851,828,http://digital.library.okstate.edu/kappler/Vol4/html_files/v4p1112.html,
R0035,Rejected by Congress,Colus,Willays,Co-ha-na,Tat-nah,Cha ,Doc-duc,Cham-net-co,Toc-de,,,,,,,,,,,,,"Camp Colus, on Sacremento River",CA,09-09-1851,830,http://digital.library.okstate.edu/kappler/Vol4/html_files/v4p1114.html,
R0036,Rejected by Congress,Cu-lu,Yas-si,Loc-lum-ne,Wo-pum-nes,,,,,,,,,,,,,,,,,Fork of the Cosumnes River,CA,09-18-1851,832,http://digital.library.okstate.edu/kappler/Vol4/html_files/v4p1115.html,
R0037,Rejected by Congress,Lower Klamath,Upper Klamath,Trinity River,,,,,,,,,,,,,,,,,,"Camp Klamath, Klamath and Trinity Rivers",CA,10-06-1851,833,http://digital.library.okstate.edu/kappler/Vol4/html_files/v4p1117.html,
R0038,Rejected by Congress,Si-wah,Op-pe-o,He-ko-neck,In-neck,,,,,,,,,,,,,,,,,"Camp Kor-a-tem, near mouth of Salmon River",CA,10-12-1851,836,http://digital.library.okstate.edu/kappler/Vol4/html_files/v4p1117.html,
R0039,Rejected by Congress,Upper Klamath,Shasta,Scott's River Indians,,,,,,,,,,,,,,,,,,"Scott's Valley, Shasta County",CA,11-04-1851,837,http://digital.library.okstate.edu/kappler/Vol4/html_files/v4p1121.html,
R0040,Rejected by Congress,San Luis Rey,Kah-we-as,Co-com-cah-ra,,,,,,,,,,,,,,,,,,Temecula,CA,01-05-1852,841,http://digital.library.okstate.edu/kappler/Vol4/html_files/v4p1124.html,
R0041,Rejected by Congress,Dieguino,,,,,,,,,,,,,,,,,,,,Santa Ysabel,CA,01-07-1852,843,http://digital.library.okstate.edu/kappler/Vol4/html_files/v4p1127.html,
R0042,Rejected by Congress,Winnebago,,,,,,,,,,,,,,,,,,,,"Watab, on Wisc River",MN,08-06-1853,846,NA,
R0043,Rejected by Congress,Quapaw,,,,,,,,,,,,,,,,,,,,"Neosho Agency, Indian Ter",MO,08-12-1854,847,NA,
R0044,Rejected by Congress,Seneca,Shawnee,,,,,,,,,,,,,,,,,,,"Neosho Agency, Indian Ter",MO,08-23-1853,850,NA,
R0045,Rejected by Congress,Stockbridge,Munsee ,,,,,,,,,,,,,,,,,,,Stockbridge,WI,06-01-1855,854,NA,
R0046,Rejected by Congress,Bois Fort Chippewa,,,,,,,,,,,,,,,,,,,,Grand Portage,MN,09-16-1856,856,NA,
R0047,Rejected by Congress,Sioux,Arapaho,Cheyenne,,,,,,,,,,,,,,,,,,"Upper Plate Agency, Deer Creek",NE,09-18-1859,858,NA,
R0048,Rejected by Congress,Delaware in Kansas,,,,,,,,,,,,,,,,,,,,Sarcoxieville,KS,07-21-1860,860,NA,
R0049,Rejected by Congress,Kaskaskia,Peoria,Piankeshaw,Wea,,,,,,,,,,,,,,,,,Paola,KS,08-18-1860,861,NA,
R0050,Rejected by Congress,Sauk,Fox,,,,,,,,,,,,,,,,,,,"Washington, DC",DC,07-03-1862,862,NA,
R0051,Rejected by Congress,Potawatomi,,,,,,,,,,,,,,,,,,,,Pottawatomi Agency,KS,02-03-1863,865,NA,
R0052,Rejected by Congress,Comanche,Kiowa,Apache,,,,,,,,,,,,,,,,,,"Washington, DC",DC,04-06-1863,867,NA,
R0053,Rejected by Congress,New York Indians in Kansas,,,,,,,,,,,,,,,,,,,,Sac and Fox Agency,KS,02-09-1863,869,NA,
R0054,Rejected by Congress,Shawnee,,,,,,,,,,,,,,,,,,,,"Washington, DC",DC,03-18-1864,871,NA,
R0055,Rejected by Congress,Kansa,,,,,,,,,,,,,,,,,,,,"Washington, DC",DC,06-11-1864,875,NA,
R0056,Rejected by Congress,Delaware ,,,,,,,,,,,,,,,,,,,,"Washington, DC",DC,06-15-1864,879,NA,
R0057,Rejected by Congress,Ute,,,,,,,,,,,,,,,,,,,,Spanish Forks Indian Farm,UT,08-06-1865,882,http://digital.library.okstate.edu/kappler/Vol5/html_files/v5p0695.html,
R0058,Rejected by Congress,Shawnee,,,,,,,,,,,,,,,,,,,,"Washington, DC",DC,03-01-1866,886,NA,
R0059,Rejected by Congress,Ute,,,,,,,,,,,,,Uintah,Yampa,,,,,,Hot Sulpher Springs,CO,08-29-1866,891,http://digital.library.okstate.edu/kappler/Vol5/html_files/v5p0705.html,
R0060,Rejected by Congress,Kansa,,,,,,,,,,,,,,,,,,,,"Washington, DC",DC,02-13-1867,893,NA,
R0061,Rejected by Congress,Stockbridge in Wisconsin,Munsee in Wisconsin,,,,,,,,,,,,,,,,,,,"Washington, DC",DC,02-15-1867,895,NA,
R0062,Rejected by Congress,Sauk of Missouri,Fox of Missouri,,,,,,,,,,,,,,,,,,,"Washington, DC",DC,02-19-1867,902,NA,
R0063,Rejected by Congress,Kickapoo,,,,,,,,,,,,,,,,,,,,"Washington, DC",DC,02-28-1867,904,NA,
R0064,Rejected by Congress,Cherokee,,,,,,,,,,,,,,,,,,,,"Washington, DC",DC,03-01-1867,909,NA,
R0065,Rejected by Congress,Shawnee,,,,,,,,,,,,,,,,,,,,"Washington, DC",DC,03-02-1867,912,http://digital.library.okstate.edu/kappler/Vol3/HTML_files/IND0708.html,
R0066,Rejected by Congress,Great and Little Osage,,,,,,,,,,,,,,,,,,,,Drum Creek,KS,05-27-1868,918,NA,
R0067,Rejected by Congress,Swan Creek Chippewa,Black River Chippewa,Munsee,,,,,,,,,,,,,,,,,,Ottawa,KS,01-06-1868,926,NA,
R0068,Rejected by Congress,Cherokee,,,,,,,,,,,,,,,,,,,,"Washington, DC",DC,07-09-1868,928,NA,
R0069,Rejected by Congress,Gros Ventre,,,,,,,,,,,,,,,,,,,,Fort Hawley,MT,07-13-1868,937,http://digital.library.okstate.edu/Kappler/Vol3/HTML_files/IND0705.html#p705,
R0070,Rejected by Congress,River Crow,,,,,,,,,,,,,,,,,,,,Fort Hawley,MT,07-15-1868,941,http://digital.library.okstate.edu/kappler/Vol3/HTML_files/IND0714.html#IND0714,
R0071,Rejected by Congress,Blackfeet,Blood,Piegan,,,,,,,,,,,,,,,,,,Fort Benton,MT,01-09-1868,944,http://digital.library.okstate.edu/Kappler/Vol4/html_files/v4p1138.html,
R0072,Rejected by Congress,Creek,,,,,,,,,,,,,,,,,,,,"Washington, DC",DC,02-09-1868,949,NA,
R0073,Rejected by Congress,Shoshone,Bannock,Sheepeater,,,,,,,,,,,,,,,,,,Virginia City,MT,09-24-1868,952,http://digital.library.okstate.edu/Kappler/Vol5/html_files/v5p0707.html,
R0074,Rejected by Congress,New York Indians,,,,,,,,,,,,,,,,,,,,Cattaraugus,NY,12-04-1868,954,NA,
R0075,Rejected by Congress,Iowa,Sauk of Missouri,Fox of Missouri,,,,,,,,,,,,,,,,,,"Washington, DC",DC,02-11-1869,958,NA,
R0076,Rejected by Congress,Otoe,Missouria,,,,,,,,,,,,,,,,,,,"Washington, DC",DC,02-13-1869,963,NA,
R0077,Rejected by Congress,Miami,,,,,,,,,,,,,,,,,,,,"Washington, DC",DC,03-09-1869,966,NA,
R0078,Rejected by Congress,Kansa,,,,,,,,,,,,,,,,,,,,Kansas (Kaw) Agency,KS,03-13-1869,971,NA,
R0079,Rejected by Congress,Sisseton Sioux,Wahpeton Sioux,,,,,,,,,,,,,,,,,,,"Washington, DC",DC,09-20-1872,975,http://digital.library.okstate.edu/kappler/Vol2/treaties/sio1059.htm,
R0080,Rejected by Congress,Nebraska Sioux,Dakota Sioux,,,,,,,,,,,,,,,,,,,Santee Agency,NE,10-17-1882,978,http://digital.library.okstate.edu/kappler/Vol2/treaties/sio1065.htm,
R0081,Rejected by Congress,Nebraska Sioux,Dakota Sioux,,,,,,,,,,,,,,,,,,,Crow Creek Agency,SD,02-26-1883,988,NA,
R0082,Rejected by Congress,Pyramid Lake Paiute,,,,,,,,,,,,,,,,,,,,Pyramid Lake Reservation,NE,10-17-1891,989,NA,
R0083,Rejected by Congress,Choctaw,Chickasaw,,,,,,,,,,,,,,,,,,,Muskogee,OK,12-18-1896,992,NA,
R0084,Rejected by Congress,Cherokee,,,,,,,,,,,,,,,,,,,,Muskogee,OK,01-14-1899,998,NA,
R0085,Rejected by Congress,Creek,,,,,,,,,,,,,,,,,,,,Muskogee,OK,02-01-1899,1009,NA,
U0001,Unratified treaty,Shawnee,Delaware,Miami,,,,,,,,,,,,,,,,,,Greenville,MI,02-11-1795,1241,NA,
U0002,Unratified treaty,Tuscarora,,,,,,,,,,,,,,,,,,,,Raleigh,NC,12-04-1802,1243,http://digital.library.okstate.edu/kappler/Vol3/HTML_files/IND0701.html,
U0003,Unratified treaty,Miami,Potawatomi,Wyandot,Wea,Eel River Miami,Ottawa,Chippewa,,,,,,,,,,,,,,Detroit,MI,10-14-1813,1244,NA,
U0004,Unratified treaty,Eastern Sioux,,,,,,,,,,,,,,,,,,,,"5th Infantry Cantonment, St Peter's",MI,08-09-1820,1246,NA,
U0005,Unratified treaty,Assiniboine,,,,,,,,,,,,,,,,,,,,Mandan Village,NA,09-29-1825,1247,NA,
U0006,Unratified treaty,Winnebago,,,,,,,,,,,,,,,,,,,,Camp Ouisconsin,MI,09-09-1827,1249,NA,
U0007,Unratified treaty,Sauk ,Fox,,,,,,,,,,,,,,,,,,,Rock Island,IL,06-30-1831,1250,NA,
U0008,Unratified treaty,Cherokee,,,,,,,,,,,,,,,,,,,,Washington DC,DC,06-19-1834,1252,NA,
U0009,Unratified treaty,Great Osage,Little Osage,,,,,,,,,,,,,,,,,,,Fort Gibson,OK,01-05-1835,1258,NA,
U0010,Unratified treaty,Navajo,,,,,,,,,,,,,,,,,,,,Ojo Oso (Bear Spring),AZ,11-22-1846,1263,NA,
U0011,Unratified treaty,Navajo (Newby Treaty),,,,,,,,,,,,,,,,,,,,Monte del Cuyatana,AZ,05-20-1848,1263,NA,
U0012,Unratified treaty,Tribes of the Big Lakes Region,,,,,,,,,,,,,,,,,,,,Sonoma ,CA,06-01-1848,1265,NA,
U0013,Unratified treaty,Zuni,,,,,,,,,,,,,,,,,,,,Pueblo de Zuni,CA,07-01-1848,1266,NA,
U0014,Unratified treaty,Santa Clara,Tesuque,Nambe,Santo Domingo,Jemez,San Felipe,Cochiti,San Ildefonso,Santa Ana,Zia Pueblos,,,,,,,,,,,Santa Fe,NM,07-07-1850,1267,NA,
U0015,Unratified treaty,Comanche,Caddo,Lipan Apache,Quapaw,Tawakoni,Waco,,,,,,,,,,,,,,,Spring Creek,TX,12-10-1850,1270,NA,
U0016,Unratified treaty,Apache East of Rio del Norte,,,,,,,,,,,,,,,,,,,,Santa Fe,NM,04-02-1851,1275,NA,
U0017,Unratified treaty,Kalapuya,,,,,,,,,,,,,Santiam,,,,,,,Champoeg,OR,04-16-1851,1276,NA,
U0018,Unratified treaty,Kalapuya,,,,,,,,,,,,,Twalaty,,,,,,,Champoeg,OR,04-19-1851,1278,NA,
U0019,Unratified treaty,Kalapuya,,,,,,,,,,,,,Luck-a-mi-ute,,,,,,,Champoeg,OR,05-02-1851,1280,NA,
U0020,Unratified treaty,Kalapuya,,,,,,,,,,,,,Yamhill,,,,,,,Champoeg,OR,05-02-1851,1282,NA,
U0021,Unratified treaty,Molale,,,,,,,,,,,,,Principal,,,,,,,Champoeg,OR,05-06-1851,1284,NA,
U0022,Unratified treaty,Molale,,,,,,,,,,,,,Santiam,,,,,,,Champoeg,OR,05-07-1851,1285,NA,
U0023,Unratified treaty,Rogue River Indians,,,,,,,,,,,,,NA,,,,,,,NA,NA,07-14-1851,1287,NA,
U0024,Unratified treaty,Chinook,,,,,,,,,,,,,Konnaack,,,,,,,Tansey Point,OR,08-08-1851,1288,NA,
U0025,Unratified treaty,Chinook,,,,,,,,,,,,,Klatskania,,,,,,,Tansey Point,OR,09-08-1851,1289,NA,
U0026,Unratified treaty,To-to-ton,You-quee-chae,Qua-ton-wah,,,,,,,,,,,,,,,,,,Port Orford,OR,09-20-1851,1290,NA,
U0027,Unratified treaty,Ya-su-chah,,,,,,,,,,,,,,,,,,,,Port Orford,OR,09-20-1851,1292,NA,
U0028,Unratified treaty,Comanche,Lipan Apache,Mescalero Apache,,,,,,,,,,,,,,,,,,San Saba,TX,10-28-1851,1293,NA,
U0029,Unratified treaty,Clackamas,,,,,,,,,,,,,,,,,,,,Oregon City,OR,11-06-1851,1296,NA,
U0030,Unratified treaty,Rio Mimbres,Rio Gila Apache,,,,,,,,,,,,,,,,,,,Fort Webster,NM,04-07-1853,1298,NA,
U0031,Unratified treaty,Rogue River Indians,,,,,,,,,,,,,,,,,,,,"Table Rock, near Rogue River",NM,09-08-1853,1300,http://digital.library.okstate.edu/kappler/Vol2/treaties/rog1049.htm,
U0032,Unratified treaty,Omaha,,,,,,,,,,,,,,,,,,,,"Council Bluffs Agency, Bellevue",NE,01-27-1854,1301,NA,
U0033,Unratified treaty,Otoe,Missouria,,,,,,,,,,,,,,,,,,,"Otoe Village, near ""Nebraska Depot""",NA,02-03-1854,1304,NA,
U0034,Unratified treaty,Kalapuya,,,,,,,,,,,,,Tualatin,,,,,,,Wapato Lake,OR,03-25-1854,1306,NA,
U0035,Unratified treaty,Gila Apache,,,,,,,,,,,,,Mimbres,,,,,,,Fort Thorn,NM,06-09-1855,1309,NA,
U0036,Unratified treaty,Mescalero Apache,,,,,,,,,,,,,,,,,,,,Fort Thorn,NM,06-14-1855,1311,NA,
U0037,Unratified treaty,Navajo,,,,,,,,,,,,,,,,,,,,Languna Negra,NM,06-18-1855,1313,NA,
U0038,Unratified treaty,Shoshone,,,,,,,,,,,,,,,,,,,,NA,NA,08-07-1855,1316,http://digital.library.okstate.edu/kappler/Vol5/html_files/v5p0685.html,
U0039,Unratified treaty,Ute,,,,,,,,,,,,,Capote,,,,,,,Abiquiu,NM,08-08-1855,1317,NA,
U0040,Unratified treaty,Indian along the Oregon coast,,,,,,,,,,,,,,,,,,,,various sites,OR,08-11-1855,1320,NA,
U0041,Unratified treaty,Ute,,,,,,,,,,,,,Mohuache,,,,,,,Abiquiu,NM,09-11-1855,1317,http://digital.library.okstate.edu/kappler/Vol5/html_files/v5p0689.html,
U0042,Unratified treaty,Jicarilla Apache,,,,,,,,,,,,,,,,,,,,Abiquiu,NM,09-12-1855,1331,NA,
U0043,Unratified treaty,Nez Perce,,,,,,,,,,,,,,,,,,,,Camp in Walla-Walla Valley,WA,09-12-1855,1333,NA,
U0044,Unratified treaty,Coeur d'Alene,,,,,,,,,,,,,,,,,,,,Coeur d'Alene Mission,WA,09-17-1858,1334,NA,
U0045,Unratified treaty,Spokane,,,,,,,,,,,,,,,,,,,,Camp on the Ned-whuald (or Lahtoo),WA,09-23-1858,1335,NA,
U0046,Unratified treaty,Navajo,,,,,,,,,,,,,,,,,,,,Fort Defiance,NM,12-25-1858,1337,NA,
U0047,Unratified treaty,Navajo,,,,,,,,,,,,,,,,,,,,Fort Fauntleroy,NM,02-15-1861,1339,NA,
U0048,Unratified treaty,Nez Perce,,,,,,,,,,,,,,,,,,,,Lapwai,WA,04-10-1861,1341,NA,
U0049,Unratified treaty,Shawnee,,,,,,,,,,,,,,,,,,,,Shawnee Agency,KS,04-04-1862,1344,NA,
U0050,Unratified treaty,Hoopa,,,,,,,,,,,,,,,,,,,,Fort Gaston,CA,08-14-1862,1348,NA,
U0051,Unratified treaty,Shawnee,,,,,,,,,,,,,,,,,,,,Shawnee Agency,KS,05-21-1863,1348,NA,
U0052,Unratified treaty,Shoshone,,,,,,,,,,,,,,,,,,,,Boise City,ID,10-10-1864,1352,NA,
U0053,Unratified treaty,Choctaw,,,,,,,,,,,,,,,,,,,,Doaksville,OK,06-19-1865,1352,NA,
U0054,Unratified treaty,Cherokee,,,,,,,,,,,,,,,,,,,,Doaksville,OK,06-23-1865,1353,NA,
U0055,Unratified treaty,Chickasaw,,,,,,,,,,,,,,,,,,,,NA,NA,07-14-1865,1354,NA,
U0056,Unratified treaty,Cherokee,Creek,Choctaw,Chickasaw,Osage,Seminole,Seneca,,,,,,,,,,,,,,Fort Smith ,AR,09-13-1865,1355,http://digital.library.okstate.edu/kappler/Vol2/treaties/che1050.htm,
U0057,Unratified treaty,Southern Paiute,,,,,,,,,,,,,,,,,,,,Pinto Creek,UT,09-18-1865,1358,NA,
U0058,Unratified treaty,Ute,,,,,,,,,,,,,Weber,,,,,,,Great Salt Lake City,UT,10-30-1865,1359,http://digital.library.okstate.edu/kappler/Vol5/html_files/v5p0698.html,
U0059,Unratified treaty,Blackfeet ,Gros Ventre,,,,,,,,,,,,,,,,,,,Fort Benton,MT,11-16-1865,1361,http://digital.library.okstate.edu/kappler/Vol4/html_files/v4p1133.html,
U0060,Unratified treaty,Shoshone,,,,,,,,,,,,,,,,,,,,"On the Gohoffer, or Bruneau River",ID,04-12-1866,1366,NA,
U0061,Unratified treaty,Brule Sioux,Oglala Sioux,,,,,,,,,,,,,,,,,,,Fort Laramie,WY,06-27-1866,1368,NA,
U0062,Unratified treaty,Cheyenne,,,,,,,,,,,,,,,,,,,,Fort Laramie,WY,06-28-1866,1370,NA,
U0063,Unratified treaty,Crow,,,,,,,,,,,,,,,,,,,,Fort Union,MT,07-16-1866,1373,http://digital.library.okstate.edu/kappler/Vol5/html_files/v5p0699.html,
U0064,Unratified treaty,Assiniboine,,,,,,,,,,,,,,,,,,,,Fort Union,MT,07-18-1866,1376,http://digital.library.okstate.edu/kappler/Vol5/html_files/v5p0702.html,
U0065,Unratified treaty,Arikara,Mandan,Hidatsa,,,,,,,,,,,,,,,,,,Fort Berthold,ND,07-27-1866,1379,http://digital.library.okstate.edu/kappler/Vol2/treaties/for1052.htm,
U0066,Unratified treaty,Tonto Apache,Pinal Apache,Sierra Mescal Apache,Aravipa Apache,,,,,,,,,,,,,,,,,Fort Grant,AZ,12-20-1866,1383,NA,
U0067,Unratified treaty,Bannock,,,,,,,,,,,,,,,,,,,,Long Tom Creek,ID,08-26-1867,1384,NA,
U0068,Unratified treaty,Shoshone,,,,,,,,,,,,,,,,,,,,Fort Harney,OR,12-10-1868,1385,NA,
